{
"skeleton": { "hash": "bjWcF6WAHle1+dKEqRN0j55uwRo", "spine": "3.6.52", "width": 653.36, "height": 651.42, "images": "" },
"bones": [
	{ "name": "Shark", "x": 1.16, "y": -0.59 },
	{ "name": "body", "parent": "Shark", "length": 256.83, "rotation": 97.58, "x": -0.81, "y": 230.22 },
	{ "name": "Belt", "parent": "body", "x": -45.51, "y": 1.39 },
	{ "name": "Fin", "parent": "body", "length": 109.26, "rotation": -86.36, "x": 272.09, "y": -45.6 },
	{ "name": "head", "parent": "body", "length": 218.59, "rotation": 66.9, "x": 256.96, "y": 0.96 },
	{ "name": "Jaw", "parent": "head", "length": 142.74, "rotation": 24, "x": 42.15, "y": 42.2 },
	{ "name": "L_Arm", "parent": "body", "length": 145.73, "rotation": -147.02, "x": 222.77, "y": -114.09 },
	{ "name": "Low_Body", "parent": "Belt", "x": -66.39, "y": 18.4 },
	{ "name": "L_Pants", "parent": "Low_Body", "length": 77.57, "rotation": -178.7, "x": 38.03, "y": -51.93 },
	{ "name": "L_Leg", "parent": "L_Pants", "length": 66.71, "rotation": 3.56, "x": 77.1, "y": 0.07 },
	{ "name": "L_Feet", "parent": "L_Leg", "length": 59.53, "rotation": -84.15, "x": 67.18, "y": -0.1 },
	{ "name": "R_Arm", "parent": "body", "length": 175.9, "rotation": 122.93, "x": 106.73, "y": 21.08 },
	{ "name": "R_Pants", "parent": "Low_Body", "length": 59.92, "rotation": 170.13, "x": 41.18, "y": 22.55 },
	{ "name": "R_Leg", "parent": "R_Pants", "length": 65.37, "rotation": 10.72, "x": 61.84, "y": 2.74 },
	{ "name": "R_Feet", "parent": "R_Leg", "length": 63.07, "rotation": -77.51, "x": 66.79, "y": -0.21 },
	{ "name": "R_Sholder", "parent": "body", "length": 94.74, "rotation": -166.5, "x": 198.09, "y": 46.8 },
	{ "name": "bone3", "parent": "head", "length": 131.01, "rotation": -2.32, "x": 219.19, "y": -0.7 },
	{ "name": "bone6", "parent": "Fin", "length": 133.27, "rotation": -19.24, "x": 109.26 },
	{ "name": "hand", "parent": "L_Arm", "length": 156.94, "rotation": -77.3, "x": 146.12, "y": -5 }
],
"slots": [
	{ "name": "R_Arm_02", "bone": "R_Sholder", "attachment": "R_Arm_02" },
	{ "name": "R_Feet", "bone": "R_Feet", "attachment": "R_Feet" },
	{ "name": "R_Leg", "bone": "R_Leg", "attachment": "R_Leg" },
	{ "name": "R_Pants", "bone": "R_Pants", "attachment": "R_Pants" },
	{ "name": "L_Feet", "bone": "L_Feet", "attachment": "L_Feet" },
	{ "name": "L_Leg", "bone": "L_Leg", "attachment": "L_Leg" },
	{ "name": "R_Arm", "bone": "R_Arm", "attachment": "R_Arm" },
	{ "name": "Fin", "bone": "Fin", "attachment": "Fin" },
	{ "name": "body", "bone": "body", "attachment": "body" },
	{ "name": "Low_Body", "bone": "Low_Body", "attachment": "Low_Body" },
	{ "name": "L_Pants", "bone": "L_Pants", "attachment": "L_Pants" },
	{ "name": "Belt", "bone": "Belt", "attachment": "Belt" },
	{ "name": "shadow head", "bone": "Jaw" },
	{ "name": "head", "bone": "head", "attachment": "head" },
	{ "name": "Jaw", "bone": "Jaw", "attachment": "Jaw" },
	{ "name": "L_Arm", "bone": "L_Arm", "attachment": "L_Arm" },
	{ "name": "hand", "bone": "hand", "attachment": "hand" }
],
"skins": {
	"default": {
		"Belt": {
			"Belt": {
				"type": "mesh",
				"uvs": [ 1, 0.4881, 1, 1, 0.78207, 1, 0.48207, 1, 0.09207, 1, 0, 1, 0, 0.50809, 0, 0, 0.07921, 0, 0.47779, 0, 0.7735, 0, 1, 0, 0.08563, 0.49885, 0.47992, 0.49865, 0.77776, 0.4975 ],
				"triangles": [ 10, 11, 0, 14, 10, 0, 13, 9, 10, 13, 10, 14, 12, 8, 9, 12, 9, 13, 12, 6, 7, 12, 7, 8, 4, 5, 6, 4, 12, 13, 4, 6, 12, 3, 13, 14, 4, 13, 3, 1, 2, 14, 3, 14, 2, 1, 14, 0 ],
				"vertices": [ -28.69, -116.25, -77.41, -109.77, -70.97, -61.38, -62.1, 5.23, -50.58, 91.83, -47.86, 112.27, -1.05, 106.04, 47.3, 99.61, 44.96, 82.02, 33.19, -6.48, 24.45, -72.14, 17.75, -122.44, -2.7, 86.91, -14.33, -0.64, -23.02, -66.79 ],
				"hull": 12,
				"edges": [ 14, 16, 8, 10, 16, 18, 6, 8, 18, 20, 20, 22, 2, 4, 4, 6, 10, 12, 12, 14, 8, 24, 24, 16, 12, 24, 6, 26, 26, 18, 24, 26, 4, 28, 28, 20, 26, 28, 2, 0, 0, 22, 28, 0 ],
				"width": 224,
				"height": 96
			}
		},
		"Fin": {
			"Fin": {
				"type": "mesh",
				"uvs": [ 0.21416, 0.60654, 0, 0.17645, 0, 0.06481, 0.17967, 0, 0.59955, 0.11093, 1, 0.55506, 1, 0.66185, 0.78144, 0.81232, 0.52073, 1, 0.41007, 1, 0.35986, 0.52833, 0.69354, 0.47336 ],
				"triangles": [ 1, 2, 3, 10, 3, 4, 1, 3, 10, 0, 1, 10, 10, 8, 9, 0, 10, 9, 5, 11, 4, 10, 4, 11, 6, 11, 5, 7, 11, 6, 7, 10, 11, 7, 8, 10 ],
				"vertices": [ 2, 17, -70.19, -42.5, 0.00235, 3, 28.98, -17, 0.99765, 2, 17, -144.46, 30.19, 1.8E-4, 3, -17.18, 76.11, 0.99982, 1, 3, -9.08, 94.76, 1, 2, 17, -93.85, 70.48, 0.00481, 3, 43.87, 97.47, 0.99519, 2, 17, 27.59, 66.22, 0.83357, 3, 157.13, 53.43, 0.16643, 2, 17, 151.69, 9.11, 1, 3, 255.47, -41.39, 0, 1, 17, 157.19, -20.65, 1, 2, 17, 96.35, -50.17, 0.99446, 3, 183.69, -79.12, 0.00554, 2, 17, 28.32, -99.89, 0.61354, 3, 103.07, -103.65, 0.38646, 2, 17, -2.25, -109, 0.46882, 3, 71.21, -102.17, 0.53118, 2, 17, -29.31, -19.53, 0.0078, 3, 75.15, -8.78, 0.9922, 1, 17, 63.12, 6.08, 1 ],
				"hull": 10,
				"edges": [ 2, 4, 4, 6, 6, 8, 8, 10, 10, 12, 12, 14, 14, 16, 16, 18, 2, 0, 0, 18, 6, 20, 20, 16, 0, 20, 8, 22, 22, 14, 20, 22, 22, 10 ],
				"width": 285,
				"height": 178
			}
		},
		"Jaw": {
			"Jaw": { "x": 66.17, "y": 9.08, "rotation": 171.52, "width": 169, "height": 84 }
		},
		"L_Arm": {
			"L_Arm": { "x": 61.02, "y": -1.63, "rotation": 49.44, "width": 193, "height": 172 }
		},
		"L_Feet": {
			"L_Feet": { "x": 20.94, "y": -1.36, "rotation": 161.71, "width": 90, "height": 37 }
		},
		"L_Leg": {
			"L_Leg": { "x": 29.37, "y": -3.34, "rotation": 77.56, "width": 64, "height": 86 }
		},
		"L_Pants": {
			"L_Pants": { "x": 51.57, "y": -3.97, "rotation": 81.12, "width": 144, "height": 124 }
		},
		"Low_Body": {
			"Low_Body": { "x": 4.58, "y": 7.96, "rotation": -97.58, "width": 94, "height": 43 }
		},
		"R_Arm": {
			"R_Arm": { "x": 118.76, "y": 4.5, "scaleX": 0.9, "scaleY": 0.9, "rotation": 139.49, "width": 300, "height": 250 }
		},
		"R_Arm_02": {
			"R_Arm_02": { "x": 59.41, "y": -5.78, "rotation": 68.92, "width": 200, "height": 200 }
		},
		"R_Feet": {
			"R_Feet": { "x": 28.38, "y": -0.87, "rotation": 159.09, "width": 94, "height": 36 }
		},
		"R_Leg": {
			"R_Leg": { "x": 36.7, "y": -4.16, "rotation": 81.57, "width": 55, "height": 81 }
		},
		"R_Pants": {
			"R_Pants": { "x": 50.02, "y": -3.22, "rotation": 92.29, "width": 107, "height": 90 }
		},
		"body": {
			"body": {
				"type": "mesh",
				"uvs": [ 1, 0.55536, 1, 1, 0.65602, 1, 0.31802, 1, 0, 1, 0, 0.55145, 0, 0, 0.27876, 0, 0.7149, 0, 1, 0, 0.29971, 0.53365, 0.68246, 0.55098 ],
				"triangles": [ 10, 7, 8, 11, 10, 8, 10, 5, 6, 10, 6, 7, 8, 9, 0, 11, 8, 0, 3, 4, 5, 3, 10, 11, 3, 5, 10, 2, 3, 11, 1, 2, 11, 1, 11, 0 ],
				"vertices": [ 1, 1, 117.09, -174.62, 1, 1, 1, -84.78, -147.76, 1, 1, 1, -70.22, -38.31, 1, 1, 1, -55.9, 69.25, 1, 1, 1, -42.44, 170.44, 1, 1, 1, 161.21, 143.34, 1, 1, 1, 411.56, 110.02, 1, 1, 1, 401.05, 31.03, 1, 1, 1, 381.29, -117.46, 1, 1, 1, 369.22, -208.17, 1, 1, 1, 157.2, 51.43, 1, 1, 1, 132.52, -73.85, 1 ],
				"hull": 10,
				"edges": [ 12, 14, 6, 8, 14, 16, 16, 18, 2, 4, 4, 6, 8, 10, 10, 12, 6, 20, 20, 14, 10, 20, 4, 22, 22, 16, 20, 22, 2, 0, 0, 18, 22, 0 ],
				"width": 321,
				"height": 458
			}
		},
		"hand": {
			"hand": { "x": 93.69, "y": -4.04, "scaleX": 1.02, "scaleY": 1.02, "rotation": 126.74, "width": 214, "height": 185 }
		},
		"head": {
			"head": {
				"type": "mesh",
				"uvs": [ 0, 0.18707, 0, 0.3099, 0.09658, 0.61057, 0.26078, 0.84707, 0.49667, 0.9699, 0.69672, 1, 0.83548, 1, 1, 0.5959, 1, 0.14307, 0.81351, 0, 0.54987, 0, 0.37526, 0.0624, 0.16596, 0.12473, 0.13674, 0.32937, 0.32721, 0.39174, 0.52647, 0.42656, 0.7583, 0.47275 ],
				"triangles": [ 13, 1, 0, 12, 13, 0, 14, 12, 11, 13, 12, 14, 14, 11, 15, 2, 1, 13, 2, 13, 14, 3, 2, 14, 15, 11, 10, 9, 15, 10, 16, 9, 8, 16, 15, 9, 16, 8, 7, 3, 14, 15, 4, 3, 15, 4, 15, 16, 5, 4, 16, 6, 5, 16, 7, 6, 16 ],
				"vertices": [ 1, 16, 147.52, -7.1, 1, 1, 16, 137.36, 19.78, 1, 2, 4, 304.43, 64.8, 0.03356, 16, 78.97, 72.94, 0.96644, 2, 4, 230.93, 101.83, 0.50048, 16, 2.43, 103.18, 0.49952, 2, 4, 138.91, 106.12, 0.95946, 16, -89.6, 99.13, 0.04054, 1, 4, 65.52, 93.05, 1, 2, 4, 15.91, 79.28, 1, 16, -209.67, 61.3, 0, 2, 4, -17.61, -28.16, 0.99999, 16, -233.35, -48.73, 1.0E-5, 1, 4, 10.74, -130.26, 1, 2, 4, 86.36, -144.01, 0.99936, 16, -119.35, -154.72, 6.4E-4, 2, 4, 180.61, -117.85, 0.87112, 16, -27.85, -120.15, 0.12888, 2, 4, 239.12, -86.45, 0.42967, 16, 27.59, -83.6, 0.57033, 2, 4, 310.04, -51.63, 0.00243, 16, 95.07, -42.51, 0.99757, 1, 16, 88.29, 6.12, 1, 1, 16, 17.03, -5.2, 1, 1, 4, 162.27, -19.35, 1, 1, 4, 76.51, -31.94, 1 ],
				"hull": 13,
				"edges": [ 0, 2, 2, 4, 4, 6, 6, 8, 8, 10, 10, 12, 12, 14, 14, 16, 16, 18, 18, 20, 20, 22, 22, 24, 0, 24, 4, 26, 26, 24, 0, 26, 6, 28, 28, 22, 26, 28, 8, 30, 30, 20, 28, 30, 10, 32, 32, 18, 30, 32 ],
				"width": 371,
				"height": 234
			}
		},
		"shadow head": {
			"shadow head": { "x": -2.55, "y": 58.78, "rotation": 171.52, "width": 97, "height": 119 }
		}
	}
},
"animations": {
	"Attack_1": {
		"bones": {
			"body": {
				"rotate": [
					{ "time": 0, "angle": 0, "curve": "stepped" },
					{ "time": 0.6667, "angle": 0 }
				],
				"translate": [
					{ "time": 0, "x": 0, "y": 0, "curve": "stepped" },
					{ "time": 0.6667, "x": 0, "y": 0 }
				],
				"scale": [
					{ "time": 0.6667, "x": 1, "y": 1 }
				],
				"shear": [
					{ "time": 0.6667, "x": 0, "y": 0 }
				]
			},
			"head": {
				"rotate": [
					{ "time": 0, "angle": 0 },
					{ "time": 0.2, "angle": 7.34 },
					{ "time": 0.3667, "angle": 1.93 },
					{ "time": 0.6667, "angle": 0 }
				],
				"translate": [
					{ "time": 0, "x": 0, "y": 0 },
					{ "time": 0.2, "x": 4.66, "y": 9.35 },
					{ "time": 0.3667, "x": -11.54, "y": -50.9 },
					{ "time": 0.4333, "x": -12.95, "y": -54.21 },
					{ "time": 0.6667, "x": 0, "y": 0 }
				],
				"scale": [
					{ "time": 0.6667, "x": 1, "y": 1 }
				],
				"shear": [
					{ "time": 0.6667, "x": 0, "y": 0 }
				]
			},
			"bone3": {
				"rotate": [
					{ "time": 0, "angle": 0, "curve": "stepped" },
					{ "time": 0.6667, "angle": 0 }
				],
				"translate": [
					{ "time": 0, "x": 0, "y": 0, "curve": "stepped" },
					{ "time": 0.6667, "x": 0, "y": 0 }
				],
				"scale": [
					{ "time": 0.6667, "x": 1, "y": 1 }
				],
				"shear": [
					{ "time": 0.6667, "x": 0, "y": 0 }
				]
			},
			"Jaw": {
				"rotate": [
					{ "time": 0, "angle": 0 },
					{ "time": 0.2, "angle": -5.37 },
					{ "time": 0.3667, "angle": 22.94, "curve": "stepped" },
					{ "time": 0.5, "angle": 22.94 },
					{ "time": 0.6667, "angle": 0 }
				],
				"translate": [
					{ "time": 0, "x": 0, "y": 0 },
					{ "time": 0.2, "x": 15.17, "y": 4.21 },
					{ "time": 0.3667, "x": -11.6, "y": -3.22, "curve": "stepped" },
					{ "time": 0.5, "x": -11.6, "y": -3.22 },
					{ "time": 0.6667, "x": 0, "y": 0 }
				],
				"scale": [
					{ "time": 0.6667, "x": 1, "y": 1 }
				],
				"shear": [
					{ "time": 0, "x": 0, "y": 0, "curve": "stepped" },
					{ "time": 0.6667, "x": 0, "y": 0 }
				]
			},
			"Fin": {
				"rotate": [
					{ "time": 0, "angle": 0, "curve": "stepped" },
					{ "time": 0.6667, "angle": 0 }
				],
				"translate": [
					{ "time": 0, "x": 0, "y": 0 },
					{ "time": 0.2, "x": -18.16, "y": -7.85 },
					{ "time": 0.3333, "x": -5.72, "y": -14.21 },
					{ "time": 0.4, "x": -3.91, "y": -0.64 },
					{ "time": 0.6667, "x": 0, "y": 0 }
				],
				"scale": [
					{ "time": 0.6667, "x": 1, "y": 1 }
				],
				"shear": [
					{ "time": 0.6667, "x": 0, "y": 0 }
				]
			},
			"bone6": {
				"rotate": [
					{ "time": 0, "angle": 0, "curve": "stepped" },
					{ "time": 0.2, "angle": 0 },
					{ "time": 0.3333, "angle": 13.88, "curve": "stepped" },
					{ "time": 0.4, "angle": 13.88 },
					{ "time": 0.6667, "angle": 0 }
				],
				"translate": [
					{ "time": 0, "x": 0, "y": 0, "curve": "stepped" },
					{ "time": 0.2, "x": 0, "y": 0 },
					{ "time": 0.3333, "x": -46.21, "y": 26.61, "curve": "stepped" },
					{ "time": 0.4, "x": -46.21, "y": 26.61 },
					{ "time": 0.6667, "x": 0, "y": 0 }
				],
				"scale": [
					{ "time": 0.6667, "x": 1, "y": 1 }
				],
				"shear": [
					{ "time": 0.6667, "x": 0, "y": 0 }
				]
			},
			"L_Arm": {
				"rotate": [
					{ "time": 0, "angle": 0 },
					{ "time": 0.2, "angle": -15.26 },
					{ "time": 0.3333, "angle": -3.15 },
					{ "time": 0.6667, "angle": 0 }
				],
				"translate": [
					{ "time": 0, "x": 0, "y": 0 },
					{ "time": 0.2, "x": 8.82, "y": 52.16 },
					{ "time": 0.3333, "x": 0.23, "y": -69.93 },
					{ "time": 0.4, "x": 1.69, "y": -58.91 },
					{ "time": 0.6667, "x": 0, "y": 0 }
				]
			},
			"hand": {
				"rotate": [
					{ "time": 0, "angle": 0 },
					{ "time": 0.3333, "angle": -50.63, "curve": "stepped" },
					{ "time": 0.4, "angle": -50.63 },
					{ "time": 0.6667, "angle": 0 }
				]
			},
			"R_Arm": {
				"rotate": [
					{ "time": 0, "angle": 0 },
					{ "time": 0.3333, "angle": -28.11, "curve": "stepped" },
					{ "time": 0.4, "angle": -28.11 },
					{ "time": 0.5, "angle": -44.7 },
					{ "time": 0.6667, "angle": 0 }
				],
				"translate": [
					{ "time": 0, "x": 31.54, "y": -34.28 },
					{ "time": 0.2, "x": 84.47, "y": -136.22 },
					{ "time": 0.3333, "x": 98.74, "y": 183.39 },
					{ "time": 0.4, "x": 95.4, "y": 167.65 },
					{ "time": 0.5, "x": 10.15, "y": 117.67 },
					{ "time": 0.6667, "x": 31.54, "y": -34.28 }
				],
				"scale": [
					{ "time": 0, "x": 1, "y": 1 },
					{ "time": 0.3333, "x": 1, "y": 1.086, "curve": "stepped" },
					{ "time": 0.4, "x": 1, "y": 1.086 },
					{ "time": 0.6667, "x": 1, "y": 1 }
				],
				"shear": [
					{ "time": 0, "x": 0, "y": 0, "curve": "stepped" },
					{ "time": 0.6667, "x": 0, "y": 0 }
				]
			},
			"Belt": {
				"rotate": [
					{ "time": 0, "angle": 0, "curve": "stepped" },
					{ "time": 0.6667, "angle": 0 }
				],
				"translate": [
					{ "time": 0, "x": 0, "y": 0 },
					{ "time": 0.2, "x": 1.52, "y": 11.42 },
					{ "time": 0.3333, "x": -2.14, "y": -16.1, "curve": "stepped" },
					{ "time": 0.4, "x": -2.14, "y": -16.1 },
					{ "time": 0.6667, "x": 0, "y": 0 }
				],
				"scale": [
					{ "time": 0, "x": 1, "y": 1, "curve": "stepped" },
					{ "time": 0.6667, "x": 1, "y": 1 }
				],
				"shear": [
					{ "time": 0, "x": 0, "y": 0, "curve": "stepped" },
					{ "time": 0.6667, "x": 0, "y": 0 }
				]
			},
			"Low_Body": {
				"rotate": [
					{ "time": 0, "angle": 0, "curve": "stepped" },
					{ "time": 0.6667, "angle": 0 }
				],
				"translate": [
					{ "time": 0, "x": 0, "y": 0, "curve": "stepped" },
					{ "time": 0.6667, "x": 0, "y": 0 }
				],
				"scale": [
					{ "time": 0.6667, "x": 1, "y": 1 }
				],
				"shear": [
					{ "time": 0.6667, "x": 0, "y": 0 }
				]
			},
			"L_Pants": {
				"rotate": [
					{ "time": 0, "angle": 0 },
					{ "time": 0.2, "angle": 365.87 },
					{ "time": 0.3, "angle": 333.51, "curve": "stepped" },
					{ "time": 0.4, "angle": 333.51 },
					{ "time": 0.6667, "angle": 0 }
				],
				"translate": [
					{ "time": 0, "x": 0, "y": 0 },
					{ "time": 0.3, "x": 2.05, "y": 31.39, "curve": "stepped" },
					{ "time": 0.4, "x": 2.05, "y": 31.39 },
					{ "time": 0.6667, "x": 0, "y": 0 }
				],
				"scale": [
					{ "time": 0.6667, "x": 1, "y": 1 }
				],
				"shear": [
					{ "time": 0.6667, "x": 0, "y": 0 }
				]
			},
			"R_Pants": {
				"rotate": [
					{ "time": 0, "angle": 0 },
					{ "time": 0.2, "angle": -343.45 },
					{ "time": 0.3, "angle": -326.78, "curve": "stepped" },
					{ "time": 0.4, "angle": -326.78 },
					{ "time": 0.4333, "angle": -342.08 },
					{ "time": 0.6667, "angle": 0 }
				],
				"translate": [
					{ "time": 0, "x": 0, "y": 0 },
					{ "time": 0.2, "x": -4.1, "y": -5.33 },
					{ "time": 0.3, "x": -27.25, "y": -47.83, "curve": "stepped" },
					{ "time": 0.4, "x": -27.25, "y": -47.83 },
					{ "time": 0.4333, "x": -5.19, "y": -23.08 },
					{ "time": 0.6667, "x": 0, "y": 0 }
				],
				"scale": [
					{ "time": 0.6667, "x": 1, "y": 1 }
				],
				"shear": [
					{ "time": 0.6667, "x": 0, "y": 0 }
				]
			},
			"R_Leg": {
				"rotate": [
					{ "time": 0, "angle": 0 },
					{ "time": 0.2, "angle": -16.39 },
					{ "time": 0.3, "angle": -7.36, "curve": "stepped" },
					{ "time": 0.4, "angle": -7.36 },
					{ "time": 0.4667, "angle": 48.08 },
					{ "time": 0.6667, "angle": 0 }
				],
				"translate": [
					{ "time": 0, "x": 0, "y": 0, "curve": "stepped" },
					{ "time": 0.6667, "x": 0, "y": 0 }
				],
				"scale": [
					{ "time": 0.6667, "x": 1, "y": 1 }
				],
				"shear": [
					{ "time": 0.6667, "x": 0, "y": 0 }
				]
			},
			"R_Feet": {
				"rotate": [
					{ "time": 0, "angle": 0 },
					{ "time": 0.2, "angle": -0.26 },
					{ "time": 0.3, "angle": -24.74, "curve": "stepped" },
					{ "time": 0.4, "angle": -24.74 },
					{ "time": 0.6667, "angle": 0 }
				],
				"translate": [
					{ "time": 0, "x": 0, "y": 0, "curve": "stepped" },
					{ "time": 0.6667, "x": 0, "y": 0 }
				],
				"scale": [
					{ "time": 0.6667, "x": 1, "y": 1 }
				],
				"shear": [
					{ "time": 0.6667, "x": 0, "y": 0 }
				]
			},
			"L_Leg": {
				"rotate": [
					{ "time": 0, "angle": 0 },
					{ "time": 0.2, "angle": 26.08 },
					{ "time": 0.2667, "angle": 65.52 },
					{ "time": 0.3, "angle": 27.16, "curve": "stepped" },
					{ "time": 0.4, "angle": 27.16 },
					{ "time": 0.6667, "angle": 0 }
				],
				"translate": [
					{ "time": 0, "x": 0, "y": 0, "curve": "stepped" },
					{ "time": 0.6667, "x": 0, "y": 0 }
				],
				"scale": [
					{ "time": 0, "x": 1, "y": 1, "curve": "stepped" },
					{ "time": 0.6667, "x": 1, "y": 1 }
				],
				"shear": [
					{ "time": 0, "x": 0, "y": 0, "curve": "stepped" },
					{ "time": 0.6667, "x": 0, "y": 0 }
				]
			},
			"L_Feet": {
				"rotate": [
					{ "time": 0, "angle": 0 },
					{ "time": 0.2, "angle": 13.26 },
					{ "time": 0.2667, "angle": 5.28 },
					{ "time": 0.3, "angle": -1.32, "curve": "stepped" },
					{ "time": 0.4, "angle": -1.32 },
					{ "time": 0.6667, "angle": 0 }
				],
				"translate": [
					{ "time": 0, "x": 0, "y": 0, "curve": "stepped" },
					{ "time": 0.2, "x": 0, "y": 0, "curve": "stepped" },
					{ "time": 0.6667, "x": 0, "y": 0 }
				],
				"scale": [
					{ "time": 0, "x": 1, "y": 1, "curve": "stepped" },
					{ "time": 0.6667, "x": 1, "y": 1 }
				],
				"shear": [
					{ "time": 0, "x": 0, "y": 0, "curve": "stepped" },
					{ "time": 0.6667, "x": 0, "y": 0 }
				]
			},
			"R_Sholder": {
				"rotate": [
					{ "time": 0, "angle": 0, "curve": "stepped" },
					{ "time": 0.1667, "angle": 0 },
					{ "time": 0.3333, "angle": 250.14, "curve": "stepped" },
					{ "time": 0.4, "angle": 250.14 },
					{ "time": 0.6667, "angle": 0 }
				],
				"translate": [
					{ "time": 0, "x": 0, "y": 0 },
					{ "time": 0.1667, "x": 22, "y": -90.12 },
					{ "time": 0.2667, "x": 49.7, "y": -72.45 },
					{ "time": 0.3333, "x": -44.81, "y": 52.84, "curve": "stepped" },
					{ "time": 0.4, "x": -44.81, "y": 52.84 },
					{ "time": 0.6667, "x": 0, "y": 0 }
				]
			}
		},
		"deform": {
			"default": {
				"Belt": {
					"Belt": [
						{ "time": 0 },
						{
							"time": 0.2,
							"offset": 4,
							"vertices": [ 1.97102, 14.80946, 2.62805, 19.74587, 0.87602, 6.58195, 0, 0, 0, 0, 0, 0, 0.87602, 6.58195, 2.62805, 19.74587, 1.97102, 14.80946, 0, 0, 0.87602, 6.58195, 2.62805, 19.74587, 1.97102, 14.80946 ]
						},
						{
							"time": 0.3333,
							"offset": 4,
							"vertices": [ -0.87555, -6.58199, -2.95552, -22.21439, -0.98502, -7.40486, 0, 0, 0, 0, 0, 0, -0.98502, -7.40486, -2.95552, -22.21439, -0.87555, -6.58199, 0, 0, -0.98502, -7.40486, -2.95552, -22.21439, -0.87555, -6.58199 ],
							"curve": "stepped"
						},
						{
							"time": 0.4,
							"offset": 4,
							"vertices": [ -0.87555, -6.58199, -2.95552, -22.21439, -0.98502, -7.40486, 0, 0, 0, 0, 0, 0, -0.98502, -7.40486, -2.95552, -22.21439, -0.87555, -6.58199, 0, 0, -0.98502, -7.40486, -2.95552, -22.21439, -0.87555, -6.58199 ]
						},
						{ "time": 0.6667 }
					]
				},
				"body": {
					"body": [
						{ "time": 0 },
						{
							"time": 0.2,
							"vertices": [ 3.75415, 28.21302, 0, 0, 3.89975, 29.30466, 4.4185, 33.20233, -1.47287, -11.06727, -1.47287, -11.06727, -1.47287, -11.06727, 4.4185, 33.20233, 3.89975, 29.30466, 4.97197, 37.36316, 4.4185, 33.20233, 2.68193, 20.15453 ]
						},
						{
							"time": 0.3333,
							"offset": 4,
							"vertices": [ -4.00558, -30.09791, -0.69104, -5.18919, 4.07983, 12.10754, 0, 0, 0, 0, -9.5304, -71.61167, -4.00558, -30.09791, 0, 0, -9.5304, -71.61167, -4.00558, -30.09791 ]
						},
						{
							"time": 0.4,
							"offset": 4,
							"vertices": [ -4.00558, -30.09791, -2.02242, -15.19273, 2.74846, 2.104, -1.33138, -10.00354, 0, 0, -9.5304, -71.61167, -4.00558, -30.09791, 0, 0, -9.5304, -71.61167, -4.00558, -30.09791 ]
						},
						{ "time": 0.6667 }
					]
				},
				"head": {
					"head": [
						{
							"time": 0,
							"offset": 12,
							"vertices": [ -0.74319, -1.31454, -0.68958, -1.34366 ]
						},
						{
							"time": 0.2,
							"offset": 8,
							"vertices": [ 4.64922, 1.29086, 4.59296, 1.47821, 3.90602, -0.02368, 3.90338, 0.13455, 4.64922, 1.29086, 16.27036, -4.49576, 16.43839, -3.8327, 25.77701, 8.15912, 25.42447, 9.1969, 22.98767, 7.38367, 4.64922, 1.29086, 4.59296, 1.47821, 4.64922, 1.29086, 4.59296, 1.47821, 4.64922, 1.29086, 4.59296, 1.47821, 0, 0, 0, 0, 0, 0, 4.59296, 1.47821, 4.64922, 1.29086, 4.64922, 1.29086 ]
						},
						{
							"time": 0.3333,
							"vertices": [ 0.42134, -31.3146, 3.34436, -30.42698, 8.37117, -24.98328, 9.37734, -24.62273, 4.34331, -17.56287, 5.05206, -17.37191, 4.51123, -9.30862, 4.88529, -9.11762, -8.2638, -1.30936, -6.78562, -2.6107, -6.67378, -2.88348, -20.50175, -2.74226, -20.37287, -3.57108, -14.14633, -1.71876, -8.2638, -1.30936, -8.20382, -1.64308, -18.66823, -11.02523, -18.20531, -11.77218, -15.67275, -17.63409, -14.94452, -18.25426, -3.99581, -25.36243, -2.96394, -25.50286, 2.24136, -25.12805, -6.5121, -17.88283, -8.06436, -9.6971, -8.2638, -1.30936 ]
						},
						{
							"time": 0.3667,
							"vertices": [ 0.52667, -39.14325, 4.18045, -38.03372, 10.46396, -31.2291, 11.72168, -30.77841, 4.26684, -22.27631, 5.16684, -22.08444, 4.66253, -11.62985, 5.13077, -11.43066, -11.49205, -1.95941, 0, 0, 0, 0, 0, 0, 0, 0, 0, 0, -11.49205, -1.95941, -11.40302, -2.4234, -24.4976, -14.10425, -23.90488, -15.08478, -20.75324, -22.36533, -19.82889, -23.18738, -4.99476, -31.70303, -3.70493, -31.87857, 2.8017, -31.41006, -9.28836, -22.72308, -11.24275, -12.44409, -11.49205, -1.95941 ]
						},
						{
							"time": 0.4333,
							"vertices": [ 0.52667, -39.14325, 4.18045, -38.03372, 10.46396, -31.2291, 11.72168, -30.77841, 4.26684, -22.27631, 5.16684, -22.08444, 4.66253, -11.62985, 5.13077, -11.43066, -11.49205, -1.95941, 0, 0, 0, 0, 15.76044, 2.68704, 15.63873, 3.32379, 13.61753, 2.3215, -11.49205, -1.95941, -11.40302, -2.4234, -24.4976, -14.10425, -23.90488, -15.08478, -20.75324, -22.36533, -19.82889, -23.18738, -4.99476, -31.70303, -3.70493, -31.87857, 2.8017, -31.41006, -9.28836, -22.72308, -11.24275, -12.44409, -11.49205, -1.95941 ]
						},
						{
							"time": 0.6667,
							"offset": 12,
							"vertices": [ -0.74319, -1.31454, -0.68958, -1.34366 ]
						}
					]
				}
			}
		}
	},
	"Attack_2": {
		"bones": {
			"body": {
				"rotate": [
					{ "time": 0, "angle": 0, "curve": "stepped" },
					{ "time": 0.6667, "angle": 0 }
				],
				"translate": [
					{ "time": 0, "x": 0, "y": 0, "curve": "stepped" },
					{ "time": 0.6667, "x": 0, "y": 0 }
				],
				"scale": [
					{ "time": 0, "x": 1, "y": 1, "curve": "stepped" },
					{ "time": 0.6667, "x": 1, "y": 1 }
				],
				"shear": [
					{ "time": 0, "x": 0, "y": 0, "curve": "stepped" },
					{ "time": 0.6667, "x": 0, "y": 0 }
				]
			},
			"head": {
				"rotate": [
					{ "time": 0, "angle": 0 },
					{ "time": 0.2, "angle": 7.34 },
					{ "time": 0.3667, "angle": -5.01 },
					{ "time": 0.6667, "angle": 0 }
				],
				"translate": [
					{ "time": 0, "x": 0, "y": 0 },
					{ "time": 0.2, "x": 2.99, "y": -83.65 },
					{ "time": 0.3667, "x": 11.96, "y": 51.38 },
					{ "time": 0.4667, "x": 10.88, "y": 43.23 },
					{ "time": 0.6667, "x": 0, "y": 0 }
				],
				"scale": [
					{ "time": 0, "x": 1, "y": 1, "curve": "stepped" },
					{ "time": 0.6667, "x": 1, "y": 1 }
				],
				"shear": [
					{ "time": 0, "x": 0, "y": 0, "curve": "stepped" },
					{ "time": 0.6667, "x": 0, "y": 0 }
				]
			},
			"bone3": {
				"rotate": [
					{ "time": 0, "angle": 0, "curve": "stepped" },
					{ "time": 0.6667, "angle": 0 }
				],
				"translate": [
					{ "time": 0, "x": 0, "y": 0, "curve": "stepped" },
					{ "time": 0.6667, "x": 0, "y": 0 }
				],
				"scale": [
					{ "time": 0, "x": 1, "y": 1, "curve": "stepped" },
					{ "time": 0.6667, "x": 1, "y": 1 }
				],
				"shear": [
					{ "time": 0, "x": 0, "y": 0, "curve": "stepped" },
					{ "time": 0.6667, "x": 0, "y": 0 }
				]
			},
			"Jaw": {
				"rotate": [
					{ "time": 0, "angle": 0 },
					{ "time": 0.2, "angle": -5.37 },
					{ "time": 0.3667, "angle": 22.94, "curve": "stepped" },
					{ "time": 0.5, "angle": 22.94 },
					{ "time": 0.6667, "angle": 0 }
				],
				"translate": [
					{ "time": 0, "x": 0, "y": 0 },
					{ "time": 0.2, "x": 15.17, "y": 4.21 },
					{ "time": 0.3667, "x": -11.6, "y": -3.22, "curve": "stepped" },
					{ "time": 0.5, "x": -11.6, "y": -3.22 },
					{ "time": 0.6667, "x": 0, "y": 0 }
				],
				"scale": [
					{ "time": 0, "x": 1, "y": 1, "curve": "stepped" },
					{ "time": 0.6667, "x": 1, "y": 1 }
				],
				"shear": [
					{ "time": 0, "x": 0, "y": 0, "curve": "stepped" },
					{ "time": 0.6667, "x": 0, "y": 0 }
				]
			},
			"Fin": {
				"rotate": [
					{ "time": 0, "angle": 0 },
					{ "time": 0.3333, "angle": -8.5, "curve": "stepped" },
					{ "time": 0.4, "angle": -8.5 },
					{ "time": 0.6667, "angle": 0 }
				],
				"translate": [
					{ "time": 0, "x": 0, "y": 0 },
					{ "time": 0.2, "x": 4.88, "y": 14.6 },
					{ "time": 0.3333, "x": -7.28, "y": 15.17, "curve": "stepped" },
					{ "time": 0.4, "x": -7.28, "y": 15.17 },
					{ "time": 0.6667, "x": 0, "y": 0 }
				],
				"scale": [
					{ "time": 0, "x": 1, "y": 1, "curve": "stepped" },
					{ "time": 0.6667, "x": 1, "y": 1 }
				],
				"shear": [
					{ "time": 0, "x": 0, "y": 0, "curve": "stepped" },
					{ "time": 0.6667, "x": 0, "y": 0 }
				]
			},
			"bone6": {
				"rotate": [
					{ "time": 0, "angle": 0, "curve": "stepped" },
					{ "time": 0.2, "angle": 0 },
					{ "time": 0.3333, "angle": 13.88, "curve": "stepped" },
					{ "time": 0.4, "angle": 13.88 },
					{ "time": 0.6667, "angle": 0 }
				],
				"translate": [
					{ "time": 0, "x": 0, "y": 0, "curve": "stepped" },
					{ "time": 0.2, "x": 0, "y": 0 },
					{ "time": 0.3333, "x": -18.79, "y": 3.62, "curve": "stepped" },
					{ "time": 0.4, "x": -18.79, "y": 3.62 },
					{ "time": 0.6667, "x": 0, "y": 0 }
				],
				"scale": [
					{ "time": 0, "x": 1, "y": 1, "curve": "stepped" },
					{ "time": 0.6667, "x": 1, "y": 1 }
				],
				"shear": [
					{ "time": 0, "x": 0, "y": 0, "curve": "stepped" },
					{ "time": 0.6667, "x": 0, "y": 0 }
				]
			},
			"L_Arm": {
				"rotate": [
					{ "time": 0, "angle": 0 },
					{ "time": 0.2, "angle": 13.75 },
					{ "time": 0.3333, "angle": 254.81, "curve": "stepped" },
					{ "time": 0.4, "angle": 254.81 },
					{ "time": 0.6667, "angle": 0 }
				],
				"translate": [
					{ "time": 0, "x": 0, "y": 0 },
					{ "time": 0.2, "x": -4.97, "y": -51.46 },
					{ "time": 0.3333, "x": -36.85, "y": 73.22, "curve": "stepped" },
					{ "time": 0.4, "x": -36.85, "y": 73.22 },
					{ "time": 0.6667, "x": 0, "y": 0 }
				]
			},
			"hand": {
				"rotate": [
					{ "time": 0, "angle": 0 },
					{ "time": 0.2, "angle": -61.36 },
					{ "time": 0.3333, "angle": 49.68, "curve": "stepped" },
					{ "time": 0.4, "angle": 49.68 },
					{ "time": 0.6667, "angle": 0 }
				],
				"translate": [
					{ "time": 0, "x": 0, "y": 0 },
					{ "time": 0.3333, "x": 8.19, "y": -12.74 },
					{ "time": 0.4, "x": -2.52, "y": -10.06 },
					{ "time": 0.6667, "x": 0, "y": 0 }
				]
			},
			"R_Arm": {
				"rotate": [
					{ "time": 0, "angle": 0 },
					{ "time": 0.2, "angle": -54.55 },
					{ "time": 0.3333, "angle": 15.05, "curve": "stepped" },
					{ "time": 0.4667, "angle": 15.05 },
					{ "time": 0.6667, "angle": 0 }
				],
				"translate": [
					{ "time": 0, "x": 31.54, "y": -34.28 },
					{ "time": 0.2, "x": 36.57, "y": 48.35 },
					{ "time": 0.3333, "x": 60.48, "y": -138.59 },
					{ "time": 0.4667, "x": 61.37, "y": -131.88 },
					{ "time": 0.6667, "x": 31.54, "y": -34.28 }
				],
				"scale": [
					{ "time": 0, "x": 1, "y": 1 },
					{ "time": 0.3333, "x": 1, "y": 1.086, "curve": "stepped" },
					{ "time": 0.4667, "x": 1, "y": 1.086 },
					{ "time": 0.6667, "x": 1, "y": 1 }
				],
				"shear": [
					{ "time": 0, "x": 0, "y": 0, "curve": "stepped" },
					{ "time": 0.6667, "x": 0, "y": 0 }
				]
			},
			"Belt": {
				"rotate": [
					{ "time": 0, "angle": 0, "curve": "stepped" },
					{ "time": 0.6667, "angle": 0 }
				],
				"translate": [
					{ "time": 0, "x": 0, "y": 0 },
					{ "time": 0.2, "x": -2.14, "y": -16.1 },
					{ "time": 0.3333, "x": 1.52, "y": 11.42, "curve": "stepped" },
					{ "time": 0.4, "x": 1.52, "y": 11.42 },
					{ "time": 0.6667, "x": 0, "y": 0 }
				],
				"scale": [
					{ "time": 0, "x": 1, "y": 1, "curve": "stepped" },
					{ "time": 0.6667, "x": 1, "y": 1 }
				],
				"shear": [
					{ "time": 0, "x": 0, "y": 0, "curve": "stepped" },
					{ "time": 0.6667, "x": 0, "y": 0 }
				]
			},
			"Low_Body": {
				"rotate": [
					{ "time": 0, "angle": 0, "curve": "stepped" },
					{ "time": 0.6667, "angle": 0 }
				],
				"translate": [
					{ "time": 0, "x": 0, "y": 0, "curve": "stepped" },
					{ "time": 0.6667, "x": 0, "y": 0 }
				],
				"scale": [
					{ "time": 0, "x": 1, "y": 1, "curve": "stepped" },
					{ "time": 0.6667, "x": 1, "y": 1 }
				],
				"shear": [
					{ "time": 0, "x": 0, "y": 0, "curve": "stepped" },
					{ "time": 0.6667, "x": 0, "y": 0 }
				]
			},
			"L_Pants": {
				"rotate": [
					{ "time": 0, "angle": 0 },
					{ "time": 0.2, "angle": 352.38 },
					{ "time": 0.3, "angle": 11.13, "curve": "stepped" },
					{ "time": 0.4, "angle": 11.13 },
					{ "time": 0.5, "angle": 7.3 },
					{ "time": 0.6667, "angle": 0 }
				],
				"translate": [
					{ "time": 0, "x": 0, "y": 0, "curve": "stepped" },
					{ "time": 0.2, "x": 0, "y": 0, "curve": "stepped" },
					{ "time": 0.3, "x": 0, "y": 0 },
					{ "time": 0.4, "x": -1.42, "y": -10.64 },
					{ "time": 0.6667, "x": 0, "y": 0 }
				],
				"scale": [
					{ "time": 0, "x": 1, "y": 1, "curve": "stepped" },
					{ "time": 0.6667, "x": 1, "y": 1 }
				],
				"shear": [
					{ "time": 0, "x": 0, "y": 0, "curve": "stepped" },
					{ "time": 0.6667, "x": 0, "y": 0 }
				]
			},
			"R_Pants": {
				"rotate": [
					{ "time": 0, "angle": 0, "curve": "stepped" },
					{ "time": 0.2, "angle": 0 },
					{ "time": 0.3, "angle": -25.08, "curve": "stepped" },
					{ "time": 0.4, "angle": -25.08 },
					{ "time": 0.6667, "angle": 0 }
				],
				"translate": [
					{ "time": 0, "x": 0, "y": 0, "curve": "stepped" },
					{ "time": 0.2, "x": 0, "y": 0 },
					{ "time": 0.3, "x": -5.57, "y": 3.86 },
					{ "time": 0.4, "x": -4.71, "y": 10.31 },
					{ "time": 0.6667, "x": 0, "y": 0 }
				],
				"scale": [
					{ "time": 0, "x": 1, "y": 1, "curve": "stepped" },
					{ "time": 0.2, "x": 1, "y": 1, "curve": "stepped" },
					{ "time": 0.6667, "x": 1, "y": 1 }
				],
				"shear": [
					{ "time": 0, "x": 0, "y": 0, "curve": "stepped" },
					{ "time": 0.2, "x": 0, "y": 0, "curve": "stepped" },
					{ "time": 0.6667, "x": 0, "y": 0 }
				]
			},
			"R_Leg": {
				"rotate": [
					{ "time": 0, "angle": 0 },
					{ "time": 0.2, "angle": 32.52 },
					{ "time": 0.2667, "angle": 60.94 },
					{ "time": 0.3, "angle": 31.94, "curve": "stepped" },
					{ "time": 0.4, "angle": 31.94 },
					{ "time": 0.6667, "angle": 0 }
				],
				"translate": [
					{ "time": 0, "x": 0, "y": 0, "curve": "stepped" },
					{ "time": 0.6667, "x": 0, "y": 0 }
				],
				"scale": [
					{ "time": 0, "x": 1, "y": 1, "curve": "stepped" },
					{ "time": 0.6667, "x": 1, "y": 1 }
				],
				"shear": [
					{ "time": 0, "x": 0, "y": 0, "curve": "stepped" },
					{ "time": 0.6667, "x": 0, "y": 0 }
				]
			},
			"R_Feet": {
				"rotate": [
					{ "time": 0, "angle": 0 },
					{ "time": 0.2, "angle": -14.46 },
					{ "time": 0.3, "angle": -6.73, "curve": "stepped" },
					{ "time": 0.4, "angle": -6.73 },
					{ "time": 0.6667, "angle": 0 }
				],
				"translate": [
					{ "time": 0, "x": 0, "y": 0, "curve": "stepped" },
					{ "time": 0.6667, "x": 0, "y": 0 }
				],
				"scale": [
					{ "time": 0, "x": 1, "y": 1, "curve": "stepped" },
					{ "time": 0.6667, "x": 1, "y": 1 }
				],
				"shear": [
					{ "time": 0, "x": 0, "y": 0, "curve": "stepped" },
					{ "time": 0.6667, "x": 0, "y": 0 }
				]
			},
			"L_Leg": {
				"rotate": [
					{ "time": 0, "angle": 0 },
					{ "time": 0.2, "angle": -3.3 },
					{ "time": 0.3, "angle": 16.96, "curve": "stepped" },
					{ "time": 0.4, "angle": 16.96 },
					{ "time": 0.5333, "angle": 27.72 },
					{ "time": 0.6667, "angle": 0 }
				],
				"translate": [
					{ "time": 0, "x": 0, "y": 0, "curve": "stepped" },
					{ "time": 0.2, "x": 0, "y": 0 },
					{ "time": 0.3, "x": 23.02, "y": 18.75, "curve": "stepped" },
					{ "time": 0.4, "x": 23.02, "y": 18.75 },
					{ "time": 0.5333, "x": 2.34, "y": 1.24 },
					{ "time": 0.6667, "x": 0, "y": 0 }
				],
				"scale": [
					{ "time": 0, "x": 1, "y": 1, "curve": "stepped" },
					{ "time": 0.6667, "x": 1, "y": 1 }
				],
				"shear": [
					{ "time": 0, "x": 0, "y": 0, "curve": "stepped" },
					{ "time": 0.6667, "x": 0, "y": 0 }
				]
			},
			"L_Feet": {
				"rotate": [
					{ "time": 0, "angle": 0 },
					{ "time": 0.2, "angle": 10.81 },
					{ "time": 0.3, "angle": -28.73, "curve": "stepped" },
					{ "time": 0.4, "angle": -28.73 },
					{ "time": 0.6667, "angle": 0 }
				],
				"translate": [
					{ "time": 0, "x": 0, "y": 0, "curve": "stepped" },
					{ "time": 0.2, "x": 0, "y": 0, "curve": "stepped" },
					{ "time": 0.6667, "x": 0, "y": 0 }
				],
				"scale": [
					{ "time": 0, "x": 1, "y": 1, "curve": "stepped" },
					{ "time": 0.6667, "x": 1, "y": 1 }
				],
				"shear": [
					{ "time": 0, "x": 0, "y": 0, "curve": "stepped" },
					{ "time": 0.6667, "x": 0, "y": 0 }
				]
			},
			"R_Sholder": {
				"rotate": [
					{ "time": 0, "angle": 0, "curve": "stepped" },
					{ "time": 0.1667, "angle": 0 },
					{ "time": 0.3333, "angle": 316.33 },
					{ "time": 0.6667, "angle": 0 }
				],
				"translate": [
					{ "time": 0, "x": 0, "y": 0 },
					{ "time": 0.1667, "x": 22, "y": -90.12 },
					{ "time": 0.2667, "x": 49.7, "y": -72.45 },
					{ "time": 0.3333, "x": 6.28, "y": -91.51 },
					{ "time": 0.6667, "x": 0, "y": 0 }
				]
			}
		},
		"deform": {
			"default": {
				"Belt": {
					"Belt": [
						{ "time": 0 },
						{
							"time": 0.2,
							"offset": 4,
							"vertices": [ -0.87555, -6.58199, -2.95552, -22.21439, -0.98502, -7.40486, 0, 0, 0, 0, 0, 0, -0.98502, -7.40486, -2.95552, -22.21439, -0.87555, -6.58199, 0, 0, -0.98502, -7.40486, -2.95552, -22.21439, -0.87555, -6.58199 ]
						},
						{
							"time": 0.3333,
							"offset": 4,
							"vertices": [ 1.97102, 14.80946, 2.62805, 19.74587, 0.87602, 6.58195, 0, 0, 0, 0, 0, 0, 0.87602, 6.58195, 2.62805, 19.74587, 1.97102, 14.80946, 0, 0, 0.87602, 6.58195, 2.62805, 19.74587, 1.97102, 14.80946 ],
							"curve": "stepped"
						},
						{
							"time": 0.4,
							"offset": 4,
							"vertices": [ 1.97102, 14.80946, 2.62805, 19.74587, 0.87602, 6.58195, 0, 0, 0, 0, 0, 0, 0.87602, 6.58195, 2.62805, 19.74587, 1.97102, 14.80946, 0, 0, 0.87602, 6.58195, 2.62805, 19.74587, 1.97102, 14.80946 ]
						},
						{ "time": 0.6667 }
					]
				},
				"body": {
					"body": [
						{ "time": 0 },
						{
							"time": 0.2,
							"offset": 4,
							"vertices": [ -4.00558, -30.09791, -0.69104, -5.18919, 1.80632, -4.97587, -2.27351, -17.08341, -2.27351, -17.08341, -9.5304, -71.61167, -4.00558, -30.09791, 0, 0, -9.5304, -71.61167, -4.00558, -30.09791 ]
						},
						{
							"time": 0.3333,
							"vertices": [ 3.75662, 44.36562, 5.70851, 42.89764, 6.84726, 51.45352, 5.26064, 39.53052, -2.53587, -19.05488, -2.53587, -19.05488, -2.53587, -19.05488, 5.26064, 39.53052, 6.84726, 51.45352, 9.57564, 71.95807, 6.36542, 47.8331, -1.1819, 7.25523 ],
							"curve": "stepped"
						},
						{
							"time": 0.4,
							"vertices": [ 3.75662, 44.36562, 5.70851, 42.89764, 6.84726, 51.45352, 5.26064, 39.53052, -2.53587, -19.05488, -2.53587, -19.05488, -2.53587, -19.05488, 5.26064, 39.53052, 6.84726, 51.45352, 9.57564, 71.95807, 6.36542, 47.8331, -1.1819, 7.25523 ]
						},
						{ "time": 0.6667 }
					]
				},
				"head": {
					"head": [
						{
							"time": 0,
							"offset": 12,
							"vertices": [ -0.74319, -1.31454, -0.68958, -1.34366 ]
						},
						{
							"time": 0.2,
							"offset": 8,
							"vertices": [ 4.64922, 1.29086, 4.59296, 1.47821, 3.90602, -0.02368, 3.90338, 0.13455, 4.64922, 1.29086, 16.27036, -4.49576, 16.43839, -3.8327, 25.77701, 8.15912, 25.42447, 9.1969, 22.98767, 7.38367, 4.64922, 1.29086, 4.59296, 1.47821, 4.64922, 1.29086, 4.59296, 1.47821, 4.64922, 1.29086, 4.59296, 1.47821, 0, 0, 0, 0, 0, 0, 4.59296, 1.47821, 4.64922, 1.29086, 4.64922, 1.29086 ]
						},
						{
							"time": 0.3667,
							"vertices": [ 0.42134, -31.3146, 3.34436, -30.42698, 8.37117, -24.98328, 9.37734, -24.62273, 20.8192, -14.75391, 21.39984, -13.897, 20.98712, -6.49966, 21.23307, -5.64271, 8.21209, 1.4996, -6.78562, -2.6107, -6.67378, -2.88348, 0.72062, 0.87584, 0.68395, 0.90502, 10.64316, 2.50765, 8.21209, 1.4996, 8.14396, 1.83184, -2.19234, -8.21627, -1.85753, -8.29727, 0.80314, -14.82513, 1.40326, -14.77935, -3.99581, -25.36243, -2.96394, -25.50286, 2.24136, -25.12805, 9.83568, -14.40791, 8.41153, -6.88814, 8.21209, 1.4996 ]
						},
						{
							"time": 0.4667,
							"vertices": [ 0.42134, -31.3146, 3.34436, -30.42698, 8.37117, -24.98328, 9.37734, -24.62273, 20.8192, -14.75391, 21.39984, -13.897, 20.98712, -6.49966, 21.23307, -5.64271, 8.21209, 1.4996, -6.78562, -2.6107, -6.67378, -2.88348, -2.63709, 0.30361, -2.64719, 0.19695, 10.64316, 2.50765, 8.21209, 1.4996, 8.14396, 1.83184, -2.19234, -8.21627, -1.85753, -8.29727, 0.80314, -14.82513, 1.40326, -14.77935, -3.99581, -25.36243, -2.96394, -25.50286, 2.24136, -25.12805, 9.83568, -14.40791, 8.41153, -6.88814, 8.21209, 1.4996 ]
						},
						{
							"time": 0.6667,
							"offset": 12,
							"vertices": [ -0.74319, -1.31454, -0.68958, -1.34366 ]
						}
					]
				}
			}
		}
	},
	"Attack_3": {
		"bones": {
			"body": {
				"rotate": [
					{ "time": 0, "angle": 0, "curve": "stepped" },
					{ "time": 0.6667, "angle": 0, "curve": "stepped" },
					{ "time": 1.3333, "angle": 0 }
				],
				"translate": [
					{ "time": 0, "x": 0, "y": 0, "curve": "stepped" },
					{ "time": 0.6667, "x": 0, "y": 0, "curve": "stepped" },
					{ "time": 1.3333, "x": 0, "y": 0 }
				],
				"scale": [
					{ "time": 0, "x": 1, "y": 1, "curve": "stepped" },
					{ "time": 0.6667, "x": 1, "y": 1, "curve": "stepped" },
					{ "time": 1.3333, "x": 1, "y": 1 }
				],
				"shear": [
					{ "time": 0, "x": 0, "y": 0, "curve": "stepped" },
					{ "time": 0.6667, "x": 0, "y": 0, "curve": "stepped" },
					{ "time": 1.3333, "x": 0, "y": 0 }
				]
			},
			"head": {
				"rotate": [
					{ "time": 0, "angle": 0 },
					{ "time": 0.2, "angle": 7.34 },
					{ "time": 0.3667, "angle": -5.01 },
					{ "time": 0.6667, "angle": 0 },
					{ "time": 0.8667, "angle": 7.34 },
					{ "time": 1.0333, "angle": 1.93 },
					{ "time": 1.3333, "angle": 0 }
				],
				"translate": [
					{ "time": 0, "x": 0, "y": 0 },
					{ "time": 0.2, "x": 2.99, "y": -83.65 },
					{ "time": 0.3667, "x": 11.96, "y": 51.38 },
					{ "time": 0.4667, "x": 10.88, "y": 43.23 },
					{ "time": 0.6667, "x": 0, "y": 0 },
					{ "time": 0.8667, "x": 4.66, "y": 9.35 },
					{ "time": 1.0333, "x": -11.54, "y": -50.9 },
					{ "time": 1.1, "x": -12.95, "y": -54.21 },
					{ "time": 1.3333, "x": 0, "y": 0 }
				],
				"scale": [
					{ "time": 0, "x": 1, "y": 1, "curve": "stepped" },
					{ "time": 0.6667, "x": 1, "y": 1, "curve": "stepped" },
					{ "time": 1.3333, "x": 1, "y": 1 }
				],
				"shear": [
					{ "time": 0, "x": 0, "y": 0, "curve": "stepped" },
					{ "time": 0.6667, "x": 0, "y": 0, "curve": "stepped" },
					{ "time": 1.3333, "x": 0, "y": 0 }
				]
			},
			"bone3": {
				"rotate": [
					{ "time": 0, "angle": 0, "curve": "stepped" },
					{ "time": 0.6667, "angle": 0, "curve": "stepped" },
					{ "time": 1.3333, "angle": 0 }
				],
				"translate": [
					{ "time": 0, "x": 0, "y": 0, "curve": "stepped" },
					{ "time": 0.6667, "x": 0, "y": 0, "curve": "stepped" },
					{ "time": 1.3333, "x": 0, "y": 0 }
				],
				"scale": [
					{ "time": 0, "x": 1, "y": 1, "curve": "stepped" },
					{ "time": 0.6667, "x": 1, "y": 1, "curve": "stepped" },
					{ "time": 1.3333, "x": 1, "y": 1 }
				],
				"shear": [
					{ "time": 0, "x": 0, "y": 0, "curve": "stepped" },
					{ "time": 0.6667, "x": 0, "y": 0, "curve": "stepped" },
					{ "time": 1.3333, "x": 0, "y": 0 }
				]
			},
			"Jaw": {
				"rotate": [
					{ "time": 0, "angle": 0 },
					{ "time": 0.2, "angle": -5.37 },
					{ "time": 0.3667, "angle": 22.94, "curve": "stepped" },
					{ "time": 0.5, "angle": 22.94 },
					{ "time": 0.6667, "angle": 0 },
					{ "time": 0.8667, "angle": -5.37 },
					{ "time": 1.0333, "angle": 22.94, "curve": "stepped" },
					{ "time": 1.1667, "angle": 22.94 },
					{ "time": 1.3333, "angle": 0 }
				],
				"translate": [
					{ "time": 0, "x": 0, "y": 0 },
					{ "time": 0.2, "x": 15.17, "y": 4.21 },
					{ "time": 0.3667, "x": -11.6, "y": -3.22, "curve": "stepped" },
					{ "time": 0.5, "x": -11.6, "y": -3.22 },
					{ "time": 0.6667, "x": 0, "y": 0 },
					{ "time": 0.8667, "x": 15.17, "y": 4.21 },
					{ "time": 1.0333, "x": -11.6, "y": -3.22, "curve": "stepped" },
					{ "time": 1.1667, "x": -11.6, "y": -3.22 },
					{ "time": 1.3333, "x": 0, "y": 0 }
				],
				"scale": [
					{ "time": 0, "x": 1, "y": 1, "curve": "stepped" },
					{ "time": 0.6667, "x": 1, "y": 1, "curve": "stepped" },
					{ "time": 1.3333, "x": 1, "y": 1 }
				],
				"shear": [
					{ "time": 0, "x": 0, "y": 0, "curve": "stepped" },
					{ "time": 0.6667, "x": 0, "y": 0, "curve": "stepped" },
					{ "time": 1.3333, "x": 0, "y": 0 }
				]
			},
			"Fin": {
				"rotate": [
					{ "time": 0, "angle": 0 },
					{ "time": 0.3333, "angle": -8.5, "curve": "stepped" },
					{ "time": 0.4, "angle": -8.5 },
					{ "time": 0.6667, "angle": 0, "curve": "stepped" },
					{ "time": 1.3333, "angle": 0 }
				],
				"translate": [
					{ "time": 0, "x": 0, "y": 0 },
					{ "time": 0.2, "x": 4.88, "y": 14.6 },
					{ "time": 0.3333, "x": -7.28, "y": 15.17, "curve": "stepped" },
					{ "time": 0.4, "x": -7.28, "y": 15.17 },
					{ "time": 0.6667, "x": 0, "y": 0 },
					{ "time": 0.8667, "x": -18.16, "y": -7.85 },
					{ "time": 1, "x": -5.72, "y": -14.21 },
					{ "time": 1.0667, "x": -3.91, "y": -0.64 },
					{ "time": 1.3333, "x": 0, "y": 0 }
				],
				"scale": [
					{ "time": 0, "x": 1, "y": 1, "curve": "stepped" },
					{ "time": 0.6667, "x": 1, "y": 1, "curve": "stepped" },
					{ "time": 1.3333, "x": 1, "y": 1 }
				],
				"shear": [
					{ "time": 0, "x": 0, "y": 0, "curve": "stepped" },
					{ "time": 0.6667, "x": 0, "y": 0, "curve": "stepped" },
					{ "time": 1.3333, "x": 0, "y": 0 }
				]
			},
			"bone6": {
				"rotate": [
					{ "time": 0, "angle": 0, "curve": "stepped" },
					{ "time": 0.2, "angle": 0 },
					{ "time": 0.3333, "angle": 13.88, "curve": "stepped" },
					{ "time": 0.4, "angle": 13.88 },
					{ "time": 0.6667, "angle": 0, "curve": "stepped" },
					{ "time": 0.8667, "angle": 0 },
					{ "time": 1, "angle": 13.88, "curve": "stepped" },
					{ "time": 1.0667, "angle": 13.88 },
					{ "time": 1.3333, "angle": 0 }
				],
				"translate": [
					{ "time": 0, "x": 0, "y": 0, "curve": "stepped" },
					{ "time": 0.2, "x": 0, "y": 0 },
					{ "time": 0.3333, "x": -18.79, "y": 3.62, "curve": "stepped" },
					{ "time": 0.4, "x": -18.79, "y": 3.62 },
					{ "time": 0.6667, "x": 0, "y": 0, "curve": "stepped" },
					{ "time": 0.8667, "x": 0, "y": 0 },
					{ "time": 1, "x": -46.21, "y": 26.61, "curve": "stepped" },
					{ "time": 1.0667, "x": -46.21, "y": 26.61 },
					{ "time": 1.3333, "x": 0, "y": 0 }
				],
				"scale": [
					{ "time": 0, "x": 1, "y": 1, "curve": "stepped" },
					{ "time": 0.6667, "x": 1, "y": 1, "curve": "stepped" },
					{ "time": 1.3333, "x": 1, "y": 1 }
				],
				"shear": [
					{ "time": 0, "x": 0, "y": 0, "curve": "stepped" },
					{ "time": 0.6667, "x": 0, "y": 0, "curve": "stepped" },
					{ "time": 1.3333, "x": 0, "y": 0 }
				]
			},
			"L_Arm": {
				"rotate": [
					{ "time": 0, "angle": 0 },
					{ "time": 0.2, "angle": 13.75 },
					{ "time": 0.3333, "angle": 254.81, "curve": "stepped" },
					{ "time": 0.4, "angle": 254.81 },
					{ "time": 0.6667, "angle": 0 },
					{ "time": 0.8667, "angle": -15.26 },
					{ "time": 1, "angle": -3.15 },
					{ "time": 1.3333, "angle": 0 }
				],
				"translate": [
					{ "time": 0, "x": 0, "y": 0 },
					{ "time": 0.2, "x": -4.97, "y": -51.46 },
					{ "time": 0.3333, "x": -36.85, "y": 73.22, "curve": "stepped" },
					{ "time": 0.4, "x": -36.85, "y": 73.22 },
					{ "time": 0.6667, "x": 0, "y": 0 },
					{ "time": 0.8667, "x": 8.82, "y": 52.16 },
					{ "time": 1, "x": 0.23, "y": -69.93 },
					{ "time": 1.0667, "x": 1.69, "y": -58.91 },
					{ "time": 1.3333, "x": 0, "y": 0 }
				]
			},
			"hand": {
				"rotate": [
					{ "time": 0, "angle": 0 },
					{ "time": 0.2, "angle": -61.36 },
					{ "time": 0.3333, "angle": 49.68, "curve": "stepped" },
					{ "time": 0.4, "angle": 49.68 },
					{ "time": 0.6667, "angle": 0 },
					{ "time": 1, "angle": -50.63, "curve": "stepped" },
					{ "time": 1.0667, "angle": -50.63 },
					{ "time": 1.3333, "angle": 0 }
				],
				"translate": [
					{ "time": 0, "x": 0, "y": 0 },
					{ "time": 0.3333, "x": 8.19, "y": -12.74 },
					{ "time": 0.4, "x": -2.52, "y": -10.06 },
					{ "time": 0.6667, "x": 0, "y": 0 }
				]
			},
			"R_Arm": {
				"rotate": [
					{ "time": 0, "angle": 0 },
					{ "time": 0.2, "angle": -54.55 },
					{ "time": 0.3333, "angle": 15.05, "curve": "stepped" },
					{ "time": 0.4667, "angle": 15.05 },
					{ "time": 0.6667, "angle": 0 },
					{ "time": 1, "angle": -28.11, "curve": "stepped" },
					{ "time": 1.0667, "angle": -28.11 },
					{ "time": 1.1667, "angle": -44.7 },
					{ "time": 1.3333, "angle": 0 }
				],
				"translate": [
					{ "time": 0, "x": 31.54, "y": -34.28 },
					{ "time": 0.2, "x": 36.57, "y": 48.35 },
					{ "time": 0.3333, "x": 60.48, "y": -138.59 },
					{ "time": 0.4667, "x": 61.37, "y": -131.88 },
					{ "time": 0.6667, "x": 31.54, "y": -34.28 },
					{ "time": 0.8667, "x": 84.47, "y": -136.22 },
					{ "time": 1, "x": 98.74, "y": 183.39 },
					{ "time": 1.0667, "x": 95.4, "y": 167.65 },
					{ "time": 1.1667, "x": 10.15, "y": 117.67 },
					{ "time": 1.3333, "x": 31.54, "y": -34.28 }
				],
				"scale": [
					{ "time": 0, "x": 1, "y": 1 },
					{ "time": 0.3333, "x": 1, "y": 1.086, "curve": "stepped" },
					{ "time": 0.4667, "x": 1, "y": 1.086 },
					{ "time": 0.6667, "x": 1, "y": 1 },
					{ "time": 1, "x": 1, "y": 1.086, "curve": "stepped" },
					{ "time": 1.0667, "x": 1, "y": 1.086 },
					{ "time": 1.3333, "x": 1, "y": 1 }
				],
				"shear": [
					{ "time": 0, "x": 0, "y": 0, "curve": "stepped" },
					{ "time": 0.6667, "x": 0, "y": 0, "curve": "stepped" },
					{ "time": 1.3333, "x": 0, "y": 0 }
				]
			},
			"Belt": {
				"rotate": [
					{ "time": 0, "angle": 0, "curve": "stepped" },
					{ "time": 0.6667, "angle": 0, "curve": "stepped" },
					{ "time": 1.3333, "angle": 0 }
				],
				"translate": [
					{ "time": 0, "x": 0, "y": 0 },
					{ "time": 0.2, "x": -2.14, "y": -16.1 },
					{ "time": 0.3333, "x": 1.52, "y": 11.42, "curve": "stepped" },
					{ "time": 0.4, "x": 1.52, "y": 11.42 },
					{ "time": 0.6667, "x": 0, "y": 0 },
					{ "time": 0.8667, "x": 1.52, "y": 11.42 },
					{ "time": 1, "x": -2.14, "y": -16.1, "curve": "stepped" },
					{ "time": 1.0667, "x": -2.14, "y": -16.1 },
					{ "time": 1.3333, "x": 0, "y": 0 }
				],
				"scale": [
					{ "time": 0, "x": 1, "y": 1, "curve": "stepped" },
					{ "time": 0.6667, "x": 1, "y": 1, "curve": "stepped" },
					{ "time": 1.3333, "x": 1, "y": 1 }
				],
				"shear": [
					{ "time": 0, "x": 0, "y": 0, "curve": "stepped" },
					{ "time": 0.6667, "x": 0, "y": 0, "curve": "stepped" },
					{ "time": 1.3333, "x": 0, "y": 0 }
				]
			},
			"Low_Body": {
				"rotate": [
					{ "time": 0, "angle": 0, "curve": "stepped" },
					{ "time": 0.6667, "angle": 0, "curve": "stepped" },
					{ "time": 1.3333, "angle": 0 }
				],
				"translate": [
					{ "time": 0, "x": 0, "y": 0, "curve": "stepped" },
					{ "time": 0.6667, "x": 0, "y": 0, "curve": "stepped" },
					{ "time": 1.3333, "x": 0, "y": 0 }
				],
				"scale": [
					{ "time": 0, "x": 1, "y": 1, "curve": "stepped" },
					{ "time": 0.6667, "x": 1, "y": 1, "curve": "stepped" },
					{ "time": 1.3333, "x": 1, "y": 1 }
				],
				"shear": [
					{ "time": 0, "x": 0, "y": 0, "curve": "stepped" },
					{ "time": 0.6667, "x": 0, "y": 0, "curve": "stepped" },
					{ "time": 1.3333, "x": 0, "y": 0 }
				]
			},
			"L_Pants": {
				"rotate": [
					{ "time": 0, "angle": 0 },
					{ "time": 0.2, "angle": 352.38 },
					{ "time": 0.3, "angle": 11.13, "curve": "stepped" },
					{ "time": 0.4, "angle": 11.13 },
					{ "time": 0.5, "angle": 7.3 },
					{ "time": 0.6667, "angle": 0 },
					{ "time": 0.8667, "angle": 365.87 },
					{ "time": 0.9667, "angle": 333.51, "curve": "stepped" },
					{ "time": 1.0667, "angle": 333.51 },
					{ "time": 1.3333, "angle": 0 }
				],
				"translate": [
					{ "time": 0, "x": 0, "y": 0, "curve": "stepped" },
					{ "time": 0.2, "x": 0, "y": 0, "curve": "stepped" },
					{ "time": 0.3, "x": 0, "y": 0 },
					{ "time": 0.4, "x": -1.42, "y": -10.64 },
					{ "time": 0.6667, "x": 0, "y": 0 },
					{ "time": 0.9667, "x": 2.05, "y": 31.39, "curve": "stepped" },
					{ "time": 1.0667, "x": 2.05, "y": 31.39 },
					{ "time": 1.3333, "x": 0, "y": 0 }
				],
				"scale": [
					{ "time": 0, "x": 1, "y": 1, "curve": "stepped" },
					{ "time": 0.6667, "x": 1, "y": 1, "curve": "stepped" },
					{ "time": 1.3333, "x": 1, "y": 1 }
				],
				"shear": [
					{ "time": 0, "x": 0, "y": 0, "curve": "stepped" },
					{ "time": 0.6667, "x": 0, "y": 0, "curve": "stepped" },
					{ "time": 1.3333, "x": 0, "y": 0 }
				]
			},
			"R_Pants": {
				"rotate": [
					{ "time": 0, "angle": 0, "curve": "stepped" },
					{ "time": 0.2, "angle": 0 },
					{ "time": 0.3, "angle": -25.08, "curve": "stepped" },
					{ "time": 0.4, "angle": -25.08 },
					{ "time": 0.6667, "angle": 0 },
					{ "time": 0.8667, "angle": -343.45 },
					{ "time": 0.9667, "angle": -326.78, "curve": "stepped" },
					{ "time": 1.0667, "angle": -326.78 },
					{ "time": 1.1, "angle": -342.08 },
					{ "time": 1.3333, "angle": 0 }
				],
				"translate": [
					{ "time": 0, "x": 0, "y": 0, "curve": "stepped" },
					{ "time": 0.2, "x": 0, "y": 0 },
					{ "time": 0.3, "x": -5.57, "y": 3.86 },
					{ "time": 0.4, "x": -4.71, "y": 10.31 },
					{ "time": 0.6667, "x": 0, "y": 0 },
					{ "time": 0.8667, "x": -4.1, "y": -5.33 },
					{ "time": 0.9667, "x": -27.25, "y": -47.83, "curve": "stepped" },
					{ "time": 1.0667, "x": -27.25, "y": -47.83 },
					{ "time": 1.1, "x": -5.19, "y": -23.08 },
					{ "time": 1.3333, "x": 0, "y": 0 }
				],
				"scale": [
					{ "time": 0, "x": 1, "y": 1, "curve": "stepped" },
					{ "time": 0.2, "x": 1, "y": 1, "curve": "stepped" },
					{ "time": 0.6667, "x": 1, "y": 1, "curve": "stepped" },
					{ "time": 1.3333, "x": 1, "y": 1 }
				],
				"shear": [
					{ "time": 0, "x": 0, "y": 0, "curve": "stepped" },
					{ "time": 0.2, "x": 0, "y": 0, "curve": "stepped" },
					{ "time": 0.6667, "x": 0, "y": 0, "curve": "stepped" },
					{ "time": 1.3333, "x": 0, "y": 0 }
				]
			},
			"R_Leg": {
				"rotate": [
					{ "time": 0, "angle": 0 },
					{ "time": 0.2, "angle": 32.52 },
					{ "time": 0.2667, "angle": 60.94 },
					{ "time": 0.3, "angle": 31.94, "curve": "stepped" },
					{ "time": 0.4, "angle": 31.94 },
					{ "time": 0.6667, "angle": 0 },
					{ "time": 0.8667, "angle": -16.39 },
					{ "time": 0.9667, "angle": -7.36, "curve": "stepped" },
					{ "time": 1.0667, "angle": -7.36 },
					{ "time": 1.1333, "angle": 48.08 },
					{ "time": 1.3333, "angle": 0 }
				],
				"translate": [
					{ "time": 0, "x": 0, "y": 0, "curve": "stepped" },
					{ "time": 0.6667, "x": 0, "y": 0, "curve": "stepped" },
					{ "time": 1.3333, "x": 0, "y": 0 }
				],
				"scale": [
					{ "time": 0, "x": 1, "y": 1, "curve": "stepped" },
					{ "time": 0.6667, "x": 1, "y": 1, "curve": "stepped" },
					{ "time": 1.3333, "x": 1, "y": 1 }
				],
				"shear": [
					{ "time": 0, "x": 0, "y": 0, "curve": "stepped" },
					{ "time": 0.6667, "x": 0, "y": 0, "curve": "stepped" },
					{ "time": 1.3333, "x": 0, "y": 0 }
				]
			},
			"R_Feet": {
				"rotate": [
					{ "time": 0, "angle": 0 },
					{ "time": 0.2, "angle": -14.46 },
					{ "time": 0.3, "angle": -6.73, "curve": "stepped" },
					{ "time": 0.4, "angle": -6.73 },
					{ "time": 0.6667, "angle": 0 },
					{ "time": 0.8667, "angle": -0.26 },
					{ "time": 0.9667, "angle": -24.74, "curve": "stepped" },
					{ "time": 1.0667, "angle": -24.74 },
					{ "time": 1.3333, "angle": 0 }
				],
				"translate": [
					{ "time": 0, "x": 0, "y": 0, "curve": "stepped" },
					{ "time": 0.6667, "x": 0, "y": 0, "curve": "stepped" },
					{ "time": 1.3333, "x": 0, "y": 0 }
				],
				"scale": [
					{ "time": 0, "x": 1, "y": 1, "curve": "stepped" },
					{ "time": 0.6667, "x": 1, "y": 1, "curve": "stepped" },
					{ "time": 1.3333, "x": 1, "y": 1 }
				],
				"shear": [
					{ "time": 0, "x": 0, "y": 0, "curve": "stepped" },
					{ "time": 0.6667, "x": 0, "y": 0, "curve": "stepped" },
					{ "time": 1.3333, "x": 0, "y": 0 }
				]
			},
			"L_Leg": {
				"rotate": [
					{ "time": 0, "angle": 0 },
					{ "time": 0.2, "angle": -3.3 },
					{ "time": 0.3, "angle": 16.96, "curve": "stepped" },
					{ "time": 0.4, "angle": 16.96 },
					{ "time": 0.5333, "angle": 27.72 },
					{ "time": 0.6667, "angle": 0 },
					{ "time": 0.8667, "angle": 26.08 },
					{ "time": 0.9333, "angle": 65.52 },
					{ "time": 0.9667, "angle": 27.16, "curve": "stepped" },
					{ "time": 1.0667, "angle": 27.16 },
					{ "time": 1.3333, "angle": 0 }
				],
				"translate": [
					{ "time": 0, "x": 0, "y": 0, "curve": "stepped" },
					{ "time": 0.2, "x": 0, "y": 0 },
					{ "time": 0.3, "x": 23.02, "y": 18.75, "curve": "stepped" },
					{ "time": 0.4, "x": 23.02, "y": 18.75 },
					{ "time": 0.5333, "x": 2.34, "y": 1.24 },
					{ "time": 0.6667, "x": 0, "y": 0, "curve": "stepped" },
					{ "time": 1.3333, "x": 0, "y": 0 }
				],
				"scale": [
					{ "time": 0, "x": 1, "y": 1, "curve": "stepped" },
					{ "time": 0.6667, "x": 1, "y": 1, "curve": "stepped" },
					{ "time": 1.3333, "x": 1, "y": 1 }
				],
				"shear": [
					{ "time": 0, "x": 0, "y": 0, "curve": "stepped" },
					{ "time": 0.6667, "x": 0, "y": 0, "curve": "stepped" },
					{ "time": 1.3333, "x": 0, "y": 0 }
				]
			},
			"L_Feet": {
				"rotate": [
					{ "time": 0, "angle": 0 },
					{ "time": 0.2, "angle": 10.81 },
					{ "time": 0.3, "angle": -28.73, "curve": "stepped" },
					{ "time": 0.4, "angle": -28.73 },
					{ "time": 0.6667, "angle": 0 },
					{ "time": 0.8667, "angle": 13.26 },
					{ "time": 0.9333, "angle": 5.28 },
					{ "time": 0.9667, "angle": -1.32, "curve": "stepped" },
					{ "time": 1.0667, "angle": -1.32 },
					{ "time": 1.3333, "angle": 0 }
				],
				"translate": [
					{ "time": 0, "x": 0, "y": 0, "curve": "stepped" },
					{ "time": 0.2, "x": 0, "y": 0, "curve": "stepped" },
					{ "time": 0.6667, "x": 0, "y": 0, "curve": "stepped" },
					{ "time": 0.8667, "x": 0, "y": 0, "curve": "stepped" },
					{ "time": 1.3333, "x": 0, "y": 0 }
				],
				"scale": [
					{ "time": 0, "x": 1, "y": 1, "curve": "stepped" },
					{ "time": 0.6667, "x": 1, "y": 1, "curve": "stepped" },
					{ "time": 1.3333, "x": 1, "y": 1 }
				],
				"shear": [
					{ "time": 0, "x": 0, "y": 0, "curve": "stepped" },
					{ "time": 0.6667, "x": 0, "y": 0, "curve": "stepped" },
					{ "time": 1.3333, "x": 0, "y": 0 }
				]
			},
			"R_Sholder": {
				"rotate": [
					{ "time": 0, "angle": 0, "curve": "stepped" },
					{ "time": 0.1667, "angle": 0 },
					{ "time": 0.3333, "angle": 316.33 },
					{ "time": 0.6667, "angle": 0, "curve": "stepped" },
					{ "time": 0.8333, "angle": 0 },
					{ "time": 1, "angle": 250.14, "curve": "stepped" },
					{ "time": 1.0667, "angle": 250.14 },
					{ "time": 1.3333, "angle": 0 }
				],
				"translate": [
					{ "time": 0, "x": 0, "y": 0 },
					{ "time": 0.1667, "x": 22, "y": -90.12 },
					{ "time": 0.2667, "x": 49.7, "y": -72.45 },
					{ "time": 0.3333, "x": 6.28, "y": -91.51 },
					{ "time": 0.6667, "x": 0, "y": 0 },
					{ "time": 0.8333, "x": 22, "y": -90.12 },
					{ "time": 0.9333, "x": 49.7, "y": -72.45 },
					{ "time": 1, "x": -44.81, "y": 52.84, "curve": "stepped" },
					{ "time": 1.0667, "x": -44.81, "y": 52.84 },
					{ "time": 1.3333, "x": 0, "y": 0 }
				]
			}
		},
		"deform": {
			"default": {
				"Belt": {
					"Belt": [
						{ "time": 0 },
						{
							"time": 0.2,
							"offset": 4,
							"vertices": [ -0.87555, -6.58199, -2.95552, -22.21439, -0.98502, -7.40486, 0, 0, 0, 0, 0, 0, -0.98502, -7.40486, -2.95552, -22.21439, -0.87555, -6.58199, 0, 0, -0.98502, -7.40486, -2.95552, -22.21439, -0.87555, -6.58199 ]
						},
						{
							"time": 0.3333,
							"offset": 4,
							"vertices": [ 1.97102, 14.80946, 2.62805, 19.74587, 0.87602, 6.58195, 0, 0, 0, 0, 0, 0, 0.87602, 6.58195, 2.62805, 19.74587, 1.97102, 14.80946, 0, 0, 0.87602, 6.58195, 2.62805, 19.74587, 1.97102, 14.80946 ],
							"curve": "stepped"
						},
						{
							"time": 0.4,
							"offset": 4,
							"vertices": [ 1.97102, 14.80946, 2.62805, 19.74587, 0.87602, 6.58195, 0, 0, 0, 0, 0, 0, 0.87602, 6.58195, 2.62805, 19.74587, 1.97102, 14.80946, 0, 0, 0.87602, 6.58195, 2.62805, 19.74587, 1.97102, 14.80946 ]
						},
						{ "time": 0.6667 },
						{
							"time": 0.8667,
							"offset": 4,
							"vertices": [ 1.97102, 14.80946, 2.62805, 19.74587, 0.87602, 6.58195, 0, 0, 0, 0, 0, 0, 0.87602, 6.58195, 2.62805, 19.74587, 1.97102, 14.80946, 0, 0, 0.87602, 6.58195, 2.62805, 19.74587, 1.97102, 14.80946 ]
						},
						{
							"time": 1,
							"offset": 4,
							"vertices": [ -0.87555, -6.58199, -2.95552, -22.21439, -0.98502, -7.40486, 0, 0, 0, 0, 0, 0, -0.98502, -7.40486, -2.95552, -22.21439, -0.87555, -6.58199, 0, 0, -0.98502, -7.40486, -2.95552, -22.21439, -0.87555, -6.58199 ],
							"curve": "stepped"
						},
						{
							"time": 1.0667,
							"offset": 4,
							"vertices": [ -0.87555, -6.58199, -2.95552, -22.21439, -0.98502, -7.40486, 0, 0, 0, 0, 0, 0, -0.98502, -7.40486, -2.95552, -22.21439, -0.87555, -6.58199, 0, 0, -0.98502, -7.40486, -2.95552, -22.21439, -0.87555, -6.58199 ]
						},
						{ "time": 1.3333 }
					]
				},
				"body": {
					"body": [
						{ "time": 0 },
						{
							"time": 0.2,
							"offset": 4,
							"vertices": [ -4.00558, -30.09791, -0.69104, -5.18919, 1.80632, -4.97587, -2.27351, -17.08341, -2.27351, -17.08341, -9.5304, -71.61167, -4.00558, -30.09791, 0, 0, -9.5304, -71.61167, -4.00558, -30.09791 ]
						},
						{
							"time": 0.3333,
							"vertices": [ 3.75662, 44.36562, 5.70851, 42.89764, 6.84726, 51.45352, 5.26064, 39.53052, -2.53587, -19.05488, -2.53587, -19.05488, -2.53587, -19.05488, 5.26064, 39.53052, 6.84726, 51.45352, 9.57564, 71.95807, 6.36542, 47.8331, -1.1819, 7.25523 ],
							"curve": "stepped"
						},
						{
							"time": 0.4,
							"vertices": [ 3.75662, 44.36562, 5.70851, 42.89764, 6.84726, 51.45352, 5.26064, 39.53052, -2.53587, -19.05488, -2.53587, -19.05488, -2.53587, -19.05488, 5.26064, 39.53052, 6.84726, 51.45352, 9.57564, 71.95807, 6.36542, 47.8331, -1.1819, 7.25523 ]
						},
						{ "time": 0.6667 },
						{
							"time": 0.8667,
							"vertices": [ 3.75415, 28.21302, 0, 0, 3.89975, 29.30466, 4.4185, 33.20233, -1.47287, -11.06727, -1.47287, -11.06727, -1.47287, -11.06727, 4.4185, 33.20233, 3.89975, 29.30466, 4.97197, 37.36316, 4.4185, 33.20233, 2.68193, 20.15453 ]
						},
						{
							"time": 1,
							"offset": 4,
							"vertices": [ -4.00558, -30.09791, -0.69104, -5.18919, 4.07983, 12.10754, 0, 0, 0, 0, -9.5304, -71.61167, -4.00558, -30.09791, 0, 0, -9.5304, -71.61167, -4.00558, -30.09791 ]
						},
						{
							"time": 1.0667,
							"offset": 4,
							"vertices": [ -4.00558, -30.09791, -2.02242, -15.19273, 2.74846, 2.104, -1.33138, -10.00354, 0, 0, -9.5304, -71.61167, -4.00558, -30.09791, 0, 0, -9.5304, -71.61167, -4.00558, -30.09791 ]
						},
						{ "time": 1.3333 }
					]
				},
				"head": {
					"head": [
						{
							"time": 0,
							"offset": 12,
							"vertices": [ -0.74319, -1.31454, -0.68958, -1.34366 ]
						},
						{
							"time": 0.2,
							"offset": 8,
							"vertices": [ 4.64922, 1.29086, 4.59296, 1.47821, 3.90602, -0.02368, 3.90338, 0.13455, 4.64922, 1.29086, 16.27036, -4.49576, 16.43839, -3.8327, 25.77701, 8.15912, 25.42447, 9.1969, 22.98767, 7.38367, 4.64922, 1.29086, 4.59296, 1.47821, 4.64922, 1.29086, 4.59296, 1.47821, 4.64922, 1.29086, 4.59296, 1.47821, 0, 0, 0, 0, 0, 0, 4.59296, 1.47821, 4.64922, 1.29086, 4.64922, 1.29086 ]
						},
						{
							"time": 0.3667,
							"vertices": [ 0.42134, -31.3146, 3.34436, -30.42698, 8.37117, -24.98328, 9.37734, -24.62273, 20.8192, -14.75391, 21.39984, -13.897, 20.98712, -6.49966, 21.23307, -5.64271, 8.21209, 1.4996, -6.78562, -2.6107, -6.67378, -2.88348, 0.72062, 0.87584, 0.68395, 0.90502, 10.64316, 2.50765, 8.21209, 1.4996, 8.14396, 1.83184, -2.19234, -8.21627, -1.85753, -8.29727, 0.80314, -14.82513, 1.40326, -14.77935, -3.99581, -25.36243, -2.96394, -25.50286, 2.24136, -25.12805, 9.83568, -14.40791, 8.41153, -6.88814, 8.21209, 1.4996 ]
						},
						{
							"time": 0.4667,
							"vertices": [ 0.42134, -31.3146, 3.34436, -30.42698, 8.37117, -24.98328, 9.37734, -24.62273, 20.8192, -14.75391, 21.39984, -13.897, 20.98712, -6.49966, 21.23307, -5.64271, 8.21209, 1.4996, -6.78562, -2.6107, -6.67378, -2.88348, -2.63709, 0.30361, -2.64719, 0.19695, 10.64316, 2.50765, 8.21209, 1.4996, 8.14396, 1.83184, -2.19234, -8.21627, -1.85753, -8.29727, 0.80314, -14.82513, 1.40326, -14.77935, -3.99581, -25.36243, -2.96394, -25.50286, 2.24136, -25.12805, 9.83568, -14.40791, 8.41153, -6.88814, 8.21209, 1.4996 ]
						},
						{
							"time": 0.6667,
							"offset": 12,
							"vertices": [ -0.74319, -1.31454, -0.68958, -1.34366 ]
						},
						{
							"time": 0.8667,
							"offset": 8,
							"vertices": [ 4.64922, 1.29086, 4.59296, 1.47821, 3.90602, -0.02368, 3.90338, 0.13455, 4.64922, 1.29086, 16.27036, -4.49576, 16.43839, -3.8327, 25.77701, 8.15912, 25.42447, 9.1969, 22.98767, 7.38367, 4.64922, 1.29086, 4.59296, 1.47821, 4.64922, 1.29086, 4.59296, 1.47821, 4.64922, 1.29086, 4.59296, 1.47821, 0, 0, 0, 0, 0, 0, 4.59296, 1.47821, 4.64922, 1.29086, 4.64922, 1.29086 ]
						},
						{
							"time": 1,
							"vertices": [ 0.42134, -31.3146, 3.34436, -30.42698, 8.37117, -24.98328, 9.37734, -24.62273, 4.34331, -17.56287, 5.05206, -17.37191, 4.51123, -9.30862, 4.88529, -9.11762, -8.2638, -1.30936, -6.78562, -2.6107, -6.67378, -2.88348, -20.50175, -2.74226, -20.37287, -3.57108, -14.14633, -1.71876, -8.2638, -1.30936, -8.20382, -1.64308, -18.66823, -11.02523, -18.20531, -11.77218, -15.67275, -17.63409, -14.94452, -18.25426, -3.99581, -25.36243, -2.96394, -25.50286, 2.24136, -25.12805, -6.5121, -17.88283, -8.06436, -9.6971, -8.2638, -1.30936 ]
						},
						{
							"time": 1.0333,
							"vertices": [ 0.52667, -39.14325, 4.18045, -38.03372, 10.46396, -31.2291, 11.72168, -30.77841, 4.26684, -22.27631, 5.16684, -22.08444, 4.66253, -11.62985, 5.13077, -11.43066, -11.49205, -1.95941, 0, 0, 0, 0, 0, 0, 0, 0, 0, 0, -11.49205, -1.95941, -11.40302, -2.4234, -24.4976, -14.10425, -23.90488, -15.08478, -20.75324, -22.36533, -19.82889, -23.18738, -4.99476, -31.70303, -3.70493, -31.87857, 2.8017, -31.41006, -9.28836, -22.72308, -11.24275, -12.44409, -11.49205, -1.95941 ]
						},
						{
							"time": 1.1,
							"vertices": [ 0.52667, -39.14325, 4.18045, -38.03372, 10.46396, -31.2291, 11.72168, -30.77841, 4.26684, -22.27631, 5.16684, -22.08444, 4.66253, -11.62985, 5.13077, -11.43066, -11.49205, -1.95941, 0, 0, 0, 0, 15.76044, 2.68704, 15.63873, 3.32379, 13.61753, 2.3215, -11.49205, -1.95941, -11.40302, -2.4234, -24.4976, -14.10425, -23.90488, -15.08478, -20.75324, -22.36533, -19.82889, -23.18738, -4.99476, -31.70303, -3.70493, -31.87857, 2.8017, -31.41006, -9.28836, -22.72308, -11.24275, -12.44409, -11.49205, -1.95941 ]
						},
						{
							"time": 1.3333,
							"offset": 12,
							"vertices": [ -0.74319, -1.31454, -0.68958, -1.34366 ]
						}
					]
				}
			}
		}
	},
	"Dead": {
		"bones": {
			"Shark": {
				"rotate": [
					{ "time": 0, "angle": 0 }
				],
				"translate": [
					{ "time": 0, "x": 0, "y": 0 }
				],
				"scale": [
					{ "time": 0, "x": 1, "y": 1 }
				]
			},
			"body": {
				"rotate": [
					{ "time": 0, "angle": 0 },
					{ "time": 0.1667, "angle": 21.53 },
					{ "time": 0.3333, "angle": -41.33 },
					{ "time": 0.5667, "angle": -98.62, "curve": "stepped" },
					{ "time": 1.3, "angle": -98.62 }
				],
				"translate": [
					{ "time": 0, "x": 0, "y": 0 },
					{ "time": 0.1667, "x": 46.39, "y": 0 },
					{ "time": 0.3333, "x": 92.6, "y": 46.59 },
					{ "time": 0.5667, "x": 155.9, "y": -133.26 },
					{ "time": 0.6667, "x": 160.23, "y": -103.87 },
					{ "time": 0.7, "x": 161.68, "y": -120.17 },
					{ "time": 0.7333, "x": 161.67, "y": -115.81 }
				],
				"scale": [
					{ "time": 0.4333, "x": 1, "y": 1 },
					{ "time": 0.5667, "x": 1, "y": 0.96 },
					{ "time": 0.6667, "x": 1, "y": 1.06 },
					{ "time": 0.7333, "x": 1, "y": 1 }
				]
			},
			"head": {
				"rotate": [
					{ "time": 0, "angle": 0 },
					{ "time": 0.5667, "angle": -15.88 },
					{ "time": 0.6667, "angle": -1.98 },
					{ "time": 0.7333, "angle": -15.88 }
				],
				"translate": [
					{ "time": 0, "x": 0, "y": 0 },
					{ "time": 0.5667, "x": 0.64, "y": 27.2 },
					{ "time": 0.6667, "x": 9.84, "y": 12.42 },
					{ "time": 0.7333, "x": 1.67, "y": 28.08 }
				],
				"scale": [
					{ "time": 0, "x": 1, "y": 1, "curve": "stepped" },
					{ "time": 0.5667, "x": 1, "y": 1 }
				]
			},
			"bone3": {
				"rotate": [
					{ "time": 0, "angle": 0 },
					{ "time": 0.1667, "angle": -12.58 },
					{ "time": 0.3333, "angle": 10.13, "curve": "stepped" },
					{ "time": 0.6, "angle": 10.13 },
					{ "time": 0.6667, "angle": 16.29 },
					{ "time": 0.8, "angle": -2.52 }
				],
				"translate": [
					{ "time": 0, "x": 0, "y": 0 },
					{ "time": 0.6667, "x": 14.16, "y": 4.81 },
					{ "time": 0.8, "x": 4.03, "y": -0.74 }
				],
				"scale": [
					{ "time": 0, "x": 1, "y": 1 }
				]
			},
			"Jaw": {
				"rotate": [
					{ "time": 0, "angle": 0 },
					{ "time": 0.1667, "angle": -6.86 },
					{ "time": 0.3333, "angle": 26.65 },
					{ "time": 0.5667, "angle": -0.16 },
					{ "time": 0.6333, "angle": 26.65 }
				],
				"translate": [
					{ "time": 0, "x": -2.46, "y": 8.85 }
				],
				"scale": [
					{ "time": 0, "x": 1, "y": 1 }
				]
			},
			"Fin": {
				"rotate": [
					{ "time": 0, "angle": 0 }
				],
				"translate": [
					{ "time": 0, "x": 0, "y": 0, "curve": "stepped" },
					{ "time": 0.4667, "x": 0, "y": 0 },
					{ "time": 0.6333, "x": 0, "y": 130.35 }
				],
				"scale": [
					{ "time": 0, "x": 1, "y": 1 }
				]
			},
			"bone6": {
				"rotate": [
					{ "time": 0, "angle": 0 }
				],
				"translate": [
					{ "time": 0, "x": 0, "y": 0 }
				],
				"scale": [
					{ "time": 0, "x": 1, "y": 1 }
				]
			},
			"L_Arm": {
				"rotate": [
					{ "time": 0, "angle": 0 },
					{ "time": 0.1667, "angle": 308.39 },
					{ "time": 0.3333, "angle": 267.77 },
					{ "time": 0.6333, "angle": -29.2 },
					{ "time": 0.7, "angle": 322.75 },
					{ "time": 0.8, "angle": -24.13 }
				],
				"translate": [
					{ "time": 0, "x": 0, "y": 0 },
					{ "time": 0.1667, "x": -3.7, "y": -13.03 }
				],
				"scale": [
					{ "time": 0, "x": 1, "y": 1, "curve": "stepped" },
					{ "time": 0.6333, "x": 1, "y": 1 },
					{ "time": 0.7, "x": 1, "y": 0.85 },
					{ "time": 0.7333, "x": 1, "y": 1 }
				]
			},
			"hand": {
				"rotate": [
					{ "time": 0, "angle": 0 },
					{ "time": 0.1667, "angle": 39.14 },
					{ "time": 0.3333, "angle": 57.37 },
					{ "time": 0.4667, "angle": -0.44 },
					{ "time": 0.6333, "angle": 57.37 },
					{ "time": 0.7, "angle": 55.99 },
					{ "time": 0.7667, "angle": 57.37 }
				],
				"translate": [
					{ "time": 0, "x": 0, "y": 0 }
				],
				"scale": [
					{ "time": 0, "x": 1, "y": 1 }
				]
			},
			"R_Arm": {
				"rotate": [
					{ "time": 0, "angle": 0 },
					{ "time": 0.1667, "angle": 6.46 },
					{ "time": 0.3333, "angle": -53.12 },
					{ "time": 0.6, "angle": -292.93 },
					{ "time": 0.7, "angle": 42.39 },
					{ "time": 0.7667, "angle": 55.22 }
				],
				"translate": [
					{ "time": 0, "x": 31.54, "y": -34.28 },
					{ "time": 0.1667, "x": 52.53, "y": -35.13 },
					{ "time": 0.3333, "x": 115.83, "y": 50.18, "curve": "stepped" },
					{ "time": 0.6, "x": 115.83, "y": 50.18 },
					{ "time": 0.7, "x": 96.15, "y": -31.3 },
					{ "time": 0.7667, "x": 53.13, "y": 8.43 }
				],
				"scale": [
					{ "time": 0, "x": 1, "y": 1 }
				],
				"shear": [
					{ "time": 0, "x": 0, "y": 0 }
				]
			},
			"Belt": {
				"rotate": [
					{ "time": 0, "angle": 0 },
					{ "time": 0.1667, "angle": -17.45 },
					{ "time": 0.3333, "angle": 27.52 },
					{ "time": 0.6333, "angle": -9.71 }
				],
				"translate": [
					{ "time": 0, "x": 0, "y": 0 },
					{ "time": 0.1667, "x": 8.1, "y": 19.93 },
					{ "time": 0.3333, "x": 7.23, "y": -17.98 },
					{ "time": 0.6333, "x": 10.09, "y": -2.17 }
				],
				"scale": [
					{ "time": 0, "x": 1, "y": 1 }
				]
			},
			"Low_Body": {
				"rotate": [
					{ "time": 0, "angle": 0 }
				],
				"translate": [
					{ "time": 0, "x": 0, "y": 0, "curve": "stepped" },
					{ "time": 0.3333, "x": 0, "y": 0 },
					{ "time": 0.6333, "x": 0, "y": -24.59 }
				],
				"scale": [
					{ "time": 0, "x": 1, "y": 1 }
				]
			},
			"L_Pants": {
				"rotate": [
					{ "time": 0, "angle": 0 },
					{ "time": 0.1667, "angle": 342.05 },
					{ "time": 0.3333, "angle": 337.21 },
					{ "time": 0.4, "angle": 323.69 },
					{ "time": 0.6333, "angle": -36.31 },
					{ "time": 0.7333, "angle": 8.28 }
				],
				"translate": [
					{ "time": 0, "x": 0, "y": 0 }
				],
				"scale": [
					{ "time": 0, "x": 1, "y": 1 }
				]
			},
			"L_Leg": {
				"rotate": [
					{ "time": 0, "angle": 0 },
					{ "time": 0.1667, "angle": -7.04 },
					{ "time": 0.3333, "angle": 56.02 },
					{ "time": 0.4, "angle": 10.8 },
					{ "time": 0.6333, "angle": -33.08 },
					{ "time": 0.7333, "angle": 14.43 }
				],
				"translate": [
					{ "time": 0, "x": 0, "y": 0 }
				],
				"scale": [
					{ "time": 0, "x": 1, "y": 1 }
				]
			},
			"L_Feet": {
				"rotate": [
					{ "time": 0, "angle": 0 },
					{ "time": 0.1667, "angle": 381.22 },
					{ "time": 0.3333, "angle": -20.3 },
					{ "time": 0.4, "angle": 29.36 },
					{ "time": 0.6333, "angle": 32.69 },
					{ "time": 0.7, "angle": 24.39 },
					{ "time": 0.8, "angle": 61.3 }
				],
				"translate": [
					{ "time": 0, "x": 0, "y": 0 }
				],
				"scale": [
					{ "time": 0, "x": 1, "y": 1 }
				]
			},
			"R_Pants": {
				"rotate": [
					{ "time": 0, "angle": 0 },
					{ "time": 0.1667, "angle": -35.94 },
					{ "time": 0.3333, "angle": -65.93 },
					{ "time": 0.5333, "angle": -30.22 },
					{ "time": 0.6, "angle": -40.84 },
					{ "time": 0.7333, "angle": -321.58 }
				],
				"translate": [
					{ "time": 0, "x": 0, "y": 0 }
				],
				"scale": [
					{ "time": 0, "x": 1, "y": 1 }
				]
			},
			"R_Leg": {
				"rotate": [
					{ "time": 0, "angle": 0 },
					{ "time": 0.1667, "angle": 14.8, "curve": "stepped" },
					{ "time": 0.3333, "angle": 14.8 },
					{ "time": 0.5333, "angle": -58.71 },
					{ "time": 0.6, "angle": -54.54 },
					{ "time": 0.7333, "angle": -3.2 }
				],
				"translate": [
					{ "time": 0, "x": 0, "y": 0 }
				],
				"scale": [
					{ "time": 0, "x": 1, "y": 1 }
				]
			},
			"R_Feet": {
				"rotate": [
					{ "time": 0, "angle": 0, "curve": "stepped" },
					{ "time": 0.4667, "angle": 0 },
					{ "time": 0.5333, "angle": 37.68 },
					{ "time": 0.6, "angle": 15.08 },
					{ "time": 0.7333, "angle": 49.29 }
				],
				"translate": [
					{ "time": 0, "x": 0, "y": 0 }
				],
				"scale": [
					{ "time": 0, "x": 1, "y": 1 }
				]
			}
		},
		"deform": {
			"default": {
				"body": {
					"body": [
						{
							"time": 0.3333,
							"vertices": [ 7.45862, 13.92082, 0, 0, 0, 0, 0, 0, 0, 0, 0, 0, 0, 0, 0, 0, 0, 0, 10.54205, 22.68419 ]
						},
						{
							"time": 0.5333,
							"vertices": [ 7.45862, 13.92082, 0, 0, 0, 0, 0.27623, -41.24378, 17.7201, -44.38199, -0.08303, -54.05887, -6.87466, -40.57716, 2.46677, -17.74773, 0, 0, 10.54205, 22.68419, -11.80018, -43.22541, -2.19077, -23.49616 ]
						},
						{
							"time": 0.7,
							"vertices": [ 7.45862, 13.92082, 0, 0, 0, 0, 0, 0, 0, 0, 0, 0, 0, 0, 0, 0, 0, 0, 10.54205, 22.68419 ]
						}
					]
				}
			}
		},
		"drawOrder": [
			{
				"time": 0,
				"offsets": [
					{ "slot": "R_Arm", "offset": -5 }
				]
			}
		]
	},
	"Walk": {
		"bones": {
			"Shark": {
				"rotate": [
					{ "time": 0, "angle": 0, "curve": "stepped" },
					{ "time": 1, "angle": 0 }
				],
				"translate": [
					{ "time": 0, "x": 0, "y": 0, "curve": "stepped" },
					{ "time": 1, "x": 0, "y": 0 }
				]
			},
			"body": {
				"rotate": [
					{ "time": 0, "angle": 0, "curve": "stepped" },
					{ "time": 1, "angle": 0 }
				],
				"translate": [
					{ "time": 0, "x": 0, "y": 51.72 },
					{ "time": 0.1667, "x": 0, "y": -20.27 },
					{ "time": 0.3, "x": 0, "y": -19.07 },
					{ "time": 0.5, "x": 0, "y": 51.72 },
					{ "time": 0.6667, "x": 0, "y": -18.97 },
					{ "time": 0.8, "x": -2.06, "y": -24.17 },
					{ "time": 1, "x": 0, "y": 44.02 }
				]
			},
			"head": {
				"rotate": [
					{ "time": 0, "angle": 0 },
					{ "time": 0.1667, "angle": -3.67 },
					{ "time": 0.3, "angle": 0.67 },
					{ "time": 0.5, "angle": 0 },
					{ "time": 0.6667, "angle": -3.67 },
					{ "time": 0.8, "angle": 0.67 },
					{ "time": 1, "angle": 0 }
				],
				"translate": [
					{ "time": 0, "x": 0, "y": 0 },
					{ "time": 0.1667, "x": -9.91, "y": 1.32 },
					{ "time": 0.3, "x": -7.02, "y": 0.93 },
					{ "time": 0.5, "x": 0, "y": 0 },
					{ "time": 0.6667, "x": -9.91, "y": 1.32 },
					{ "time": 0.8, "x": -7.02, "y": 0.93 },
					{ "time": 1, "x": 0, "y": 0 }
				]
			},
			"bone3": {
				"rotate": [
					{ "time": 0, "angle": 9.44 },
					{ "time": 0.1667, "angle": 6.47 },
					{ "time": 0.3333, "angle": 15.63 },
					{ "time": 0.5, "angle": 2.91 },
					{ "time": 0.6667, "angle": 6.47 },
					{ "time": 0.8, "angle": 15.63 },
					{ "time": 1, "angle": 7.81 }
				],
				"translate": [
					{ "time": 0, "x": 0, "y": 0, "curve": "stepped" },
					{ "time": 1, "x": 0, "y": 0 }
				]
			},
			"Jaw": {
				"rotate": [
					{ "time": 0, "angle": 8.79 },
					{ "time": 0.1667, "angle": -3.13 },
					{ "time": 0.5, "angle": 8.79 },
					{ "time": 0.6667, "angle": -3.13 },
					{ "time": 1, "angle": 7.7 }
				],
				"translate": [
					{ "time": 0, "x": 0, "y": 0, "curve": "stepped" },
					{ "time": 1, "x": 0, "y": 0 }
				]
			},
			"Fin": {
				"rotate": [
					{ "time": 0, "angle": 7.44 },
					{ "time": 0.1667, "angle": 5.06 },
					{ "time": 0.5, "angle": 7.44 },
					{ "time": 0.6667, "angle": 5.06 },
					{ "time": 1, "angle": 7.23 }
				],
				"translate": [
					{ "time": 0, "x": 0, "y": 0, "curve": "stepped" },
					{ "time": 1, "x": 0, "y": 0 }
				]
			},
			"bone6": {
				"rotate": [
					{ "time": 0, "angle": -7.45 },
					{ "time": 0.1667, "angle": 11.01 },
					{ "time": 0.5, "angle": -7.45 },
					{ "time": 0.6667, "angle": 11.01 },
					{ "time": 1, "angle": -5.77 }
				],
				"translate": [
					{ "time": 0, "x": 0, "y": 0, "curve": "stepped" },
					{ "time": 1, "x": 0, "y": 0 }
				]
			},
			"L_Arm": {
				"rotate": [
					{ "time": 0, "angle": -16.81 },
					{ "time": 0.5, "angle": 23.8 },
					{ "time": 1, "angle": -14.27 }
				],
				"translate": [
					{ "time": 0, "x": 0, "y": 0, "curve": "stepped" },
					{ "time": 1, "x": 0, "y": 0 }
				]
			},
			"hand": {
				"rotate": [
					{ "time": 0, "angle": -7.71 },
					{ "time": 0.5, "angle": 57.29 },
					{ "time": 1, "angle": -6.82 }
				],
				"translate": [
					{ "time": 0, "x": 0, "y": 0, "curve": "stepped" },
					{ "time": 1, "x": 0, "y": 0 }
				],
				"shear": [
					{ "time": 0, "x": 0, "y": 0 },
					{ "time": 0.5, "x": 0, "y": -19.04 },
					{ "time": 1, "x": 0, "y": -1.19 }
				]
			},
			"R_Arm": {
				"rotate": [
					{
						"time": 0,
						"angle": -301.21,
						"curve": [ 0.139, 0.19, 0.865, 0.98 ]
					},
					{
						"time": 0.5,
						"angle": -15.02,
						"curve": [ 0.129, 0.17, 0.681, 0.74 ]
					},
					{ "time": 1, "angle": 55.03 }
				],
				"translate": [
					{
						"time": 0,
						"x": 70.91,
						"y": -59.3,
						"curve": [ 0.139, 0.19, 0.865, 0.98 ]
					},
					{
						"time": 0.5,
						"x": -2.32,
						"y": 19.89,
						"curve": [ 0.129, 0.17, 0.681, 0.74 ]
					},
					{ "time": 1, "x": 65.68, "y": -53.3 }
				],
				"shear": [
					{ "time": 0, "x": 0, "y": 0 },
					{ "time": 0.5, "x": 0, "y": 15.66 },
					{ "time": 1, "x": 0, "y": 0.98 }
				]
			},
			"Belt": {
				"rotate": [
					{ "time": 0, "angle": 0, "curve": "stepped" },
					{ "time": 1, "angle": 0 }
				],
				"translate": [
					{ "time": 0, "x": 0, "y": 0 },
					{ "time": 0.1667, "x": 9.61, "y": -1.28 },
					{ "time": 0.2667, "x": -4.73, "y": 0.63 },
					{ "time": 0.5, "x": 9.38, "y": -1.25 },
					{ "time": 0.6667, "x": 9.64, "y": -1.28 },
					{ "time": 0.7667, "x": -0.41, "y": -3.21 },
					{ "time": 1, "x": 0, "y": 0 }
				]
			},
			"Low_Body": {
				"rotate": [
					{ "time": 0, "angle": 0, "curve": "stepped" },
					{ "time": 1, "angle": 0 }
				],
				"translate": [
					{ "time": 0, "x": 2.56, "y": -2.67 },
					{ "time": 0.1667, "x": 5.93, "y": -1.39 },
					{ "time": 0.2667, "x": 12.16, "y": -2.74 },
					{ "time": 0.5, "x": -20.91, "y": 0.45 },
					{ "time": 0.6667, "x": 12.21, "y": -1.44 },
					{ "time": 0.7667, "x": 5.41, "y": 1.23 },
					{ "time": 1, "x": 4.28, "y": -2.67 }
				]
			},
			"L_Pants": {
				"rotate": [
					{ "time": 0, "angle": 25.65 },
					{ "time": 0.1667, "angle": 4.96 },
					{ "time": 0.5, "angle": 335.81 },
					{ "time": 0.6667, "angle": 349.48 },
					{ "time": 0.8, "angle": 3.69 },
					{ "time": 1, "angle": 22.36 }
				],
				"translate": [
					{ "time": 0, "x": -13.88, "y": -2.78 },
					{ "time": 0.1667, "x": -14.13, "y": -2.78 },
					{ "time": 0.3333, "x": -4.06, "y": 18.33 },
					{ "time": 0.5, "x": 17.67, "y": 18.83 },
					{ "time": 0.6667, "x": -4.97, "y": 4.76 },
					{ "time": 0.8, "x": 4.8, "y": -3.6 },
					{ "time": 1, "x": -12.8, "y": -2.13 }
				]
			},
			"L_Leg": {
				"rotate": [
					{ "time": 0, "angle": 36.05 },
					{ "time": 0.1667, "angle": 73.57 },
					{ "time": 0.3333, "angle": 66.09 },
					{ "time": 0.5, "angle": -28.19 },
					{ "time": 0.6667, "angle": 8.12, "curve": "stepped" },
					{ "time": 0.8, "angle": 8.12 },
					{ "time": 1, "angle": 33.51 }
				],
				"translate": [
					{ "time": 0, "x": 0, "y": 0 },
					{ "time": 0.5, "x": 13.91, "y": -18.74 },
					{ "time": 0.6667, "x": 0.04, "y": -13.03 },
					{ "time": 0.8, "x": -6.9, "y": -0.86 },
					{ "time": 1, "x": -1.97, "y": -0.12 }
				]
			},
			"L_Feet": {
				"rotate": [
					{ "time": 0, "angle": 4.01 },
					{ "time": 0.1667, "angle": 24.31 },
					{ "time": 0.3333, "angle": -1.38 },
					{ "time": 0.5, "angle": -15.08 },
					{ "time": 0.6667, "angle": 1.66 },
					{ "time": 0.8, "angle": -11.28 },
					{ "time": 1, "angle": 3.8 }
				],
				"translate": [
					{ "time": 0, "x": 0, "y": 0 },
					{ "time": 0.8, "x": -6.73, "y": 3.8 },
					{ "time": 1, "x": 0, "y": 0 }
				]
			},
			"R_Pants": {
				"rotate": [
					{ "time": 0, "angle": -34.65 },
					{ "time": 0.1667, "angle": -6.89 },
					{ "time": 0.2667, "angle": 5.26 },
					{ "time": 0.5, "angle": -326.4 },
					{ "time": 0.6667, "angle": -340.99 },
					{ "time": 1, "angle": -29.77 }
				],
				"translate": [
					{ "time": 0, "x": -21.46, "y": -8.36 },
					{ "time": 0.1667, "x": -21.19, "y": -5.39 },
					{ "time": 0.2667, "x": -14.58, "y": -8.26 },
					{ "time": 0.5, "x": 0.86, "y": -14.96 },
					{ "time": 0.8, "x": 14.69, "y": -9.23 },
					{ "time": 1, "x": -19.97, "y": -7.99 }
				]
			},
			"R_Leg": {
				"rotate": [
					{ "time": 0, "angle": -15.26 },
					{ "time": 0.1667, "angle": 12.93 },
					{ "time": 0.2667, "angle": 3.96 },
					{ "time": 0.5, "angle": 28.35 },
					{ "time": 0.6667, "angle": 55.64 },
					{ "time": 1, "angle": -8.81 }
				],
				"translate": [
					{ "time": 0, "x": 0, "y": 0 },
					{ "time": 0.1667, "x": -21.17, "y": -5.19 },
					{ "time": 0.2667, "x": -18.96, "y": 5.64 },
					{ "time": 0.5, "x": -2.14, "y": -6.16 },
					{ "time": 0.6667, "x": -8.23, "y": -13.67 },
					{ "time": 1, "x": -0.75, "y": -1.24 }
				]
			},
			"R_Feet": {
				"rotate": [
					{ "time": 0, "angle": -7.46 },
					{ "time": 0.1667, "angle": -5.25 },
					{ "time": 0.3, "angle": -9.75 },
					{ "time": 0.5, "angle": 41.83 },
					{ "time": 0.6667, "angle": -14.34 },
					{ "time": 1, "angle": -8.08 }
				],
				"translate": [
					{ "time": 0, "x": 0, "y": 0, "curve": "stepped" },
					{ "time": 1, "x": 0, "y": 0 }
				]
			}
		},
		"deform": {
			"default": {
				"body": {
					"body": [
						{
							"time": 0,
							"offset": 2,
							"vertices": [ -1.57211, 9.79291, 7.28284, -2.886, -20.02295, -13.62786, 0, 0, 0, 0, 0, 0, 0, 0, -4.07062, 4.64449 ]
						},
						{
							"time": 0.1667,
							"offset": 2,
							"vertices": [ -0.93591, -0.71581, 12.48933, -8.96092, -2.88861, 7.17269, 42.97075, 2.89863, 0, 0, 0, 0, 0, 0, -2.56767, -5.56992 ]
						},
						{
							"time": 0.3,
							"vertices": [ -4.81757, 0.6411, -1.61784, 0.27602, 7.62851, -27.40693, -7.07113, 18.92547, 27.17132, 12.17715, -4.81757, 0.6411, 0, 0, 0, 0, -3.16885, -1.48416, 0, 0, -4.81757, 0.6411, -4.81757, 0.6411 ]
						},
						{
							"time": 0.5,
							"offset": 2,
							"vertices": [ -1.57211, 9.79291, 7.28284, -2.886, -20.02295, -13.62786, 0, 0, 0, 0, 0, 0, 0, 0, -4.07062, 4.64449 ]
						},
						{
							"time": 0.6667,
							"offset": 2,
							"vertices": [ -0.93591, -0.71581, 12.48933, -8.96092, -2.88861, 7.17269, 42.97075, 2.89863, 0, 0, 0, 0, 0, 0, -2.56767, -5.56992 ]
						},
						{
							"time": 0.8,
							"vertices": [ -4.81757, 0.6411, -1.61784, 0.27602, 7.62851, -27.40693, -7.07113, 18.92547, 27.17132, 12.17715, -4.81757, 0.6411, 0, 0, 0, 0, -3.16885, -1.48416, 0, 0, -4.81757, 0.6411, -4.81757, 0.6411 ]
						},
						{
							"time": 1,
							"offset": 2,
							"vertices": [ -1.57211, 9.79291, 7.28284, -2.886, -20.02295, -13.62786, 0, 0, 0, 0, 0, 0, 0, 0, -4.07062, 4.64449 ]
						}
					]
				},
				"head": {
					"head": [
						{ "time": 0 },
						{
							"time": 0.1667,
							"offset": 22,
							"vertices": [ 7.19946, 2.5054, 7.36179, 1.97849, 7.9995, 2.78357 ]
						},
						{
							"time": 0.3,
							"offset": 22,
							"vertices": [ 3.10568, 1.42081, 3.13403, 1.73019, 2.26825, 1.26517 ]
						},
						{ "time": 0.5 },
						{
							"time": 0.6667,
							"offset": 22,
							"vertices": [ 7.19946, 2.5054, 7.36179, 1.97849, 7.9995, 2.78357 ]
						},
						{
							"time": 0.8,
							"offset": 22,
							"vertices": [ 3.10568, 1.42081, 3.13403, 1.73019, 2.26825, 1.26517 ]
						},
						{ "time": 1 }
					]
				}
			}
		}
	}
}
}