{
"skeleton": { "hash": "CQHNVirJDDXdiZIZqTkZ3bh01Z0", "spine": "3.6.52", "width": 717.27, "height": 707.74, "images": "" },
"bones": [
	{ "name": "Pirate", "x": -0.37, "y": 0.96 },
	{ "name": "body", "parent": "Pirate", "length": 162.2, "rotation": 92.07, "x": 33.83, "y": 204.67 },
	{ "name": "groin", "parent": "body", "length": 41.78, "rotation": -166.29, "x": -49.96, "y": 35 },
	{ "name": "leg R", "parent": "groin", "length": 65.21, "rotation": -25.16, "x": -56.44, "y": -75.56 },
	{ "name": "Leg R-2", "parent": "leg R", "length": 78.57, "rotation": 357.85, "x": 62.56, "y": -0.63 },
	{ "name": "arm L", "parent": "body", "length": 98.87, "rotation": -154.31, "x": 191.36, "y": -77 },
	{ "name": "arm R", "parent": "body", "length": 78.32, "rotation": 148.02, "x": 171.95, "y": 174.32 },
	{ "name": "belt", "parent": "body", "length": 46.36, "rotation": 175.2, "x": -25.97, "y": 3.37 },
	{ "name": "bone2", "parent": "arm L", "length": 79.66, "rotation": -4.85, "x": 98.33, "y": 0.29 },
	{ "name": "bone8", "parent": "arm R", "length": 86.45, "rotation": -1.09, "x": 76.42, "y": -1.09 },
	{ "name": "head", "parent": "body", "length": 178.54, "rotation": 176.52, "x": 256.11, "y": -18.28 },
	{ "name": "bone40", "parent": "head", "length": 83.6, "rotation": -63.01, "x": -131.21, "y": -28.18 },
	{ "name": "bone41", "parent": "bone40", "length": 76.14, "rotation": 4.55, "x": 83.6 },
	{ "name": "bone42", "parent": "bone41", "length": 109.07, "rotation": -23.95, "x": 75.87, "y": -0.46 },
	{ "name": "bone43", "parent": "head", "length": 63.02, "rotation": 70.68, "x": -123.85, "y": 18.21 },
	{ "name": "bone44", "parent": "bone43", "length": 69.05, "rotation": 0.48, "x": 63.02 },
	{ "name": "bone45", "parent": "bone44", "length": 61.92, "rotation": 14.34, "x": 69.05 },
	{ "name": "leg L", "parent": "groin", "length": 74.17, "rotation": 0.72, "x": -18.54, "y": 91.82 },
	{ "name": "leg L-2", "parent": "leg L", "length": 52.14, "rotation": 0.64, "x": 76.25, "y": -0.06 },
	{ "name": "boot L", "parent": "leg L-2", "length": 78.05, "rotation": -9.21, "x": 53.31, "y": -5.35 },
	{ "name": "boot R", "parent": "Leg R-2", "length": 76.27, "rotation": 11.22, "x": 61.72, "y": 3.95 },
	{ "name": "earring", "parent": "head", "length": 44.15, "rotation": 0.67, "x": 34.7, "y": -136.66 },
	{ "name": "eyebrow L", "parent": "head", "length": 83.1, "rotation": 128.86, "x": -27.88, "y": 21.16 },
	{ "name": "eyebrow R", "parent": "head", "length": 93.11, "rotation": -121.47, "x": -28.58, "y": -15.04 },
	{ "name": "fist", "parent": "bone2", "length": 98.84, "rotation": 1.14, "x": 79.31, "y": -0.83 },
	{ "name": "half-closed eye L", "parent": "head", "length": 24.94, "rotation": -0.64, "x": -21.11, "y": 29.49 },
	{ "name": "half-closed eye R", "parent": "head", "length": 33.13, "rotation": -4.76, "x": -17.96, "y": -26.09 },
	{ "name": "hook", "parent": "bone8", "length": 82.03, "rotation": -7.14, "x": 86.94, "y": -1.24 },
	{ "name": "lip", "parent": "head", "length": 18.92, "rotation": 1.41, "x": 76.07, "y": 22.62 },
	{ "name": "mustache", "parent": "head", "length": 37.5, "rotation": 0.67, "x": 29.44, "y": 19.04 },
	{ "name": "nose", "parent": "head", "x": 11.69, "y": 19.78 },
	{ "name": "pupil L", "parent": "head", "x": -12.48, "y": 40.83 },
	{ "name": "pupil R", "parent": "head", "x": -4.26, "y": -22.2 },
	{ "name": "sword", "parent": "fist", "length": 311.75, "rotation": 139.26, "x": 35.6, "y": 18.33 },
	{ "name": "sword2", "parent": "Pirate", "rotation": 73.31, "x": 164.25, "y": 570.22 }
],
"slots": [
	{ "name": "sword_1", "bone": "sword2" },
	{ "name": "shadow", "bone": "Pirate" },
	{ "name": "arm L", "bone": "bone2", "attachment": "arm L" },
	{ "name": "fist", "bone": "fist", "attachment": "fist" },
	{ "name": "sword", "bone": "sword", "attachment": "sword" },
	{ "name": "leg L", "bone": "leg L-2", "attachment": "leg L" },
	{ "name": "boot L", "bone": "boot L", "attachment": "boot L" },
	{ "name": "leg R", "bone": "Leg R-2", "attachment": "leg R" },
	{ "name": "groin", "bone": "groin", "attachment": "groin" },
	{ "name": "body", "bone": "body", "attachment": "body" },
	{ "name": "boot R", "bone": "boot R", "attachment": "boot R" },
	{ "name": "belt", "bone": "belt", "attachment": "belt" },
	{ "name": "arm R", "bone": "arm R", "attachment": "arm R" },
	{ "name": "half-closed eye L", "bone": "half-closed eye L", "attachment": "closed eye L" },
	{ "name": "half-closed eye R", "bone": "half-closed eye R" },
	{ "name": "head", "bone": "head", "attachment": "head" },
	{ "name": "lip", "bone": "lip", "attachment": "lip" },
	{ "name": "mustache", "bone": "mustache", "attachment": "mustache" },
	{ "name": "nose", "bone": "nose", "attachment": "nose" },
	{ "name": "pupil R", "bone": "pupil R", "attachment": "pupil R" },
	{ "name": "pupil L", "bone": "pupil L", "attachment": "pupil L" },
	{ "name": "eyebrow L", "bone": "eyebrow L", "attachment": "eyebrow L" },
	{ "name": "eyebrow R", "bone": "eyebrow R", "attachment": "eyebrow R" },
	{ "name": "earring", "bone": "earring", "attachment": "earring" },
	{ "name": "hook", "bone": "hook", "attachment": "hook" }
],
"skins": {
	"default": {
		"arm L": {
			"arm L": {
				"type": "mesh",
				"uvs": [ 0.73026, 0.14013, 0.90618, 0.44377, 0.94419, 0.58341, 0.98669, 0.73956, 1, 0.84224, 0.97364, 1, 0.73417, 1, 0.57489, 0.99949, 0.43423, 0.87865, 0.34829, 0.7726, 0.24764, 0.64841, 0.14072, 0.47133, 0.01176, 0.28873, 0, 0.14264, 0.2377, 0, 0.48736, 0, 0.31913, 0.14696, 0.44357, 0.31314, 0.63839, 0.67271, 0.54339, 0.47263, 0.59177, 0.57453 ],
				"triangles": [ 1, 19, 0, 10, 19, 20, 16, 14, 15, 13, 14, 16, 12, 13, 16, 17, 16, 15, 17, 15, 0, 19, 17, 0, 11, 12, 16, 11, 16, 17, 10, 11, 17, 10, 17, 19, 20, 19, 1, 20, 1, 2, 18, 20, 2, 18, 2, 3, 9, 10, 20, 9, 20, 18, 8, 9, 18, 7, 8, 18, 6, 7, 18, 4, 18, 3, 4, 5, 18, 5, 6, 18 ],
				"vertices": [ 2, 8, -54.11, 55.97, 0.35859, 5, 49.14, 60.63, 0.64141, 2, 8, -6.53, 55.23, 0.90876, 5, 96.5, 55.87, 0.09124, 1, 8, 31.71, 50.26, 1, 1, 8, 74.47, 44.7, 1, 1, 8, 92.31, 36.08, 1, 1, 8, 112.64, 6.1, 1, 2, 8, 103.16, -23.66, 0.99466, 5, 199.12, -32.01, 0.00534, 2, 8, 97.32, -38.67, 0.97887, 5, 192.03, -46.48, 0.02113, 2, 8, 67.91, -52.05, 0.85462, 5, 161.6, -57.32, 0.14538, 2, 8, 38.1, -57.19, 0.52148, 5, 131.46, -59.92, 0.47852, 2, 8, 3.18, -63.21, 0.0797, 5, 96.16, -62.96, 0.9203, 1, 5, 54.76, -61.34, 1, 1, 5, 19.26, -57.88, 1, 1, 5, -8.35, -45.32, 1, 1, 5, -14.09, 2.77, 1, 2, 8, -96.22, 30.88, 0.03885, 5, 5.07, 39.19, 0.96115, 1, 5, 17.9, -0.19, 1, 2, 8, -44.45, -3.98, 1.3E-4, 5, 53.7, 0.08, 0.99987, 1, 8, 72.09, 2.09, 1, 1, 5, 96.24, -0.03, 1, 1, 8, 35.71, 0.82, 1 ],
				"hull": 16,
				"edges": [ 28, 30, 6, 8, 12, 14, 10, 12, 30, 0, 0, 2, 8, 10, 14, 16, 22, 24, 24, 26, 24, 32, 32, 30, 0, 34, 34, 22, 32, 34, 36, 16, 36, 10, 34, 38, 20, 22, 26, 28, 20, 38, 38, 2, 36, 6, 16, 18, 18, 20, 36, 40, 40, 38, 18, 40, 2, 4, 4, 6, 40, 4 ],
				"width": 165,
				"height": 207
			}
		},
		"arm R": {
			"arm R": {
				"type": "mesh",
				"uvs": [ 0.03963, 0.74326, 0.27877, 0.95609, 0.65203, 0.955, 0.85853, 0.72272, 0.94047, 0.6295, 1, 0.56177, 1, 0.22942, 0.80995, 0.00793, 0.51392, 0, 0.43083, 0.05679, 0.3156, 0.13554, 0.18224, 0.35979, 0.03963, 0.53551, 0.52986, 0.2626, 0.29155, 0.52915, 0.74274, 0.49861, 0.48263, 0.7363, 0.6578, 0.14627, 0.88672, 0.34796 ],
				"triangles": [ 1, 16, 2, 1, 14, 16, 1, 0, 14, 2, 16, 3, 0, 12, 14, 16, 15, 3, 16, 14, 15, 3, 15, 4, 12, 11, 14, 14, 13, 15, 13, 14, 11, 4, 15, 5, 15, 18, 5, 18, 6, 5, 13, 11, 10, 13, 17, 15, 15, 17, 18, 6, 18, 7, 10, 9, 13, 13, 9, 17, 17, 9, 8, 18, 17, 7, 17, 8, 7 ],
				"vertices": [ 1, 9, 85.47, -35.85, 1, 2, 6, 155.03, 50.39, 0.00365, 9, 77.61, 52.98, 0.99635, 2, 6, 140.05, 67.21, 0.02747, 9, 62.31, 69.5, 0.97253, 2, 6, 100.48, 71.57, 0.21967, 9, 22.66, 73.11, 0.78033, 2, 6, 69.68, 78.18, 0.53132, 9, -8.26, 79.12, 0.46868, 2, 6, 55.89, 83.55, 0.75778, 9, -22.15, 84.23, 0.24222, 2, 6, -7.22, 45.53, 0.97128, 9, -84.52, 45.01, 0.02872, 1, 6, -38.49, 0.73, 1, 1, 6, -12.38, -45.37, 1, 2, 6, 17.46, -58.87, 0.91247, 9, -57.84, -58.89, 0.08753, 2, 6, 57.17, -65.48, 0.79109, 9, -18.02, -64.74, 0.20891, 2, 6, 93.28, -60.48, 0.38157, 9, 17.99, -59.06, 0.61843, 2, 6, 129.71, -61.75, 0.04258, 9, 54.43, -59.63, 0.95742, 2, 6, 52.55, -19.08, 0.76545, 9, -23.52, -18.44, 0.23455, 2, 6, 99.14, -28.72, 0.10976, 9, 23.24, -27.19, 0.89024, 2, 6, 68.89, 30.97, 0.32525, 9, -8.15, 31.91, 0.67475, 2, 6, 106.29, 24.61, 0.01281, 9, 29.37, 26.27, 0.98719, 2, 6, -0.5, -13.32, 0.87259, 9, -76.68, -13.7, 0.12741, 2, 6, 14.3, 44.32, 0.68681, 9, -62.98, 44.22, 0.31319 ],
				"hull": 13,
				"edges": [ 24, 0, 0, 2, 2, 4, 4, 6, 10, 12, 12, 14, 14, 16, 20, 22, 22, 24, 26, 20, 28, 22, 26, 28, 28, 0, 6, 30, 30, 26, 4, 32, 32, 28, 30, 32, 32, 2, 16, 18, 18, 20, 14, 34, 34, 26, 12, 36, 36, 30, 6, 8, 8, 10 ],
				"width": 164,
				"height": 203
			}
		},
		"belt": {
			"belt": {
				"type": "mesh",
				"uvs": [ 1, 0.10158, 1, 0.53292, 0.94136, 0.68456, 0.77308, 0.8261, 0.73326, 0.92719, 0.6292, 0.94741, 0.52001, 0.93393, 0.45193, 0.86654, 0.43394, 0.81599, 0.31833, 0.80925, 0.19886, 0.74522, 0.08839, 0.66098, 0.02287, 0.52618, 0, 0.41498, 0, 0, 0.04985, 0, 0.10509, 0.11169, 0.22841, 0.22963, 0.35045, 0.27681, 0.46349, 0.29029, 0.49689, 0.20267, 0.60223, 0.15887, 0.71013, 0.12854, 0.82832, 0.1555, 0.82832, 0.25996, 0.9298, 0.19257 ],
				"triangles": [ 22, 23, 24, 16, 13, 14, 16, 14, 15, 16, 12, 13, 16, 11, 12, 25, 0, 1, 2, 24, 25, 11, 17, 10, 11, 16, 17, 1, 2, 25, 18, 10, 17, 9, 10, 18, 19, 9, 18, 21, 22, 24, 19, 20, 21, 8, 9, 19, 24, 19, 21, 3, 19, 24, 3, 8, 19, 24, 2, 3, 6, 7, 8, 8, 3, 6, 3, 5, 6, 4, 5, 3 ],
				"vertices": [ -74.22, 136.9, -11.31, 139.9, 11.87, 118.52, 35.58, 55.12, 51.04, 40.59, 55.89, 0.92, 55.91, -40.94, 47.32, -67.46, 40.28, -74.69, 41.4, -118.97, 34.24, -165.11, 23.97, -207.96, 5.5, -233.96, -10.3, -243.49, -70.81, -246.37, -71.72, -227.3, -56.44, -205.39, -41.49, -157.39, -36.83, -110.38, -36.92, -67.04, -50.31, -54.87, -58.62, -14.87, -65.01, 26.2, -63.23, 71.6, -47.99, 72.32, -59.67, 110.68 ],
				"hull": 26,
				"edges": [ 0, 2, 2, 4, 4, 6, 6, 8, 8, 10, 10, 12, 12, 14, 14, 16, 16, 18, 18, 20, 20, 22, 22, 24, 24, 26, 26, 28, 28, 30, 30, 32, 32, 34, 34, 36, 36, 38, 38, 40, 40, 42, 42, 44, 44, 46, 46, 48, 48, 50, 0, 50, 50, 4, 48, 6, 38, 16, 36, 18, 34, 20, 32, 22 ],
				"width": 383,
				"height": 146
			}
		},
		"body": {
			"body": {
				"type": "mesh",
				"uvs": [ 1, 1, 0.69624, 1, 0.27804, 1, 0, 1, 0, 0, 0.27465, 0, 0.69285, 0, 1, 0 ],
				"triangles": [ 3, 4, 5, 2, 5, 6, 3, 5, 2, 1, 6, 7, 2, 6, 1, 1, 7, 0 ],
				"vertices": [ -25.66, -139.01, -21.52, -24.27, -15.81, 133.71, -12.01, 238.74, 239.83, 229.64, 236.08, 125.89, 230.37, -32.09, 226.17, -148.12 ],
				"hull": 8,
				"edges": [ 6, 8, 0, 14, 8, 10, 4, 6, 10, 4, 10, 12, 12, 14, 0, 2, 2, 4, 12, 2 ],
				"width": 378,
				"height": 252
			}
		},
		"boot L": {
			"boot L": { "x": 27.95, "y": 5.59, "rotation": 82.64, "width": 149, "height": 93 }
		},
		"boot R": {
			"boot R": { "x": 21.11, "y": -12, "rotation": 89.25, "width": 154, "height": 92 }
		},
		"earring": {
			"earring": { "x": 20.9, "y": -0.43, "rotation": 90.73, "width": 44, "height": 50 }
		},
		"eyebrow L": {
			"eyebrow L": { "x": 38.82, "y": -2.76, "rotation": -37.46, "width": 95, "height": 82 }
		},
		"eyebrow R": {
			"eyebrow R": { "x": 40.76, "y": 5.71, "rotation": -147.13, "width": 115, "height": 89 }
		},
		"fist": {
			"fist": { "x": 36.71, "y": 0.76, "rotation": 66.54, "width": 128, "height": 131 }
		},
		"groin": {
			"groin": {
				"type": "mesh",
				"uvs": [ 1, 0.21644, 0.76025, 1, 0.62899, 1, 0.49259, 1, 0.3356, 1, 0.1889, 1, 0, 0.4203, 0, 0, 0.08595, 0, 0.50546, 0, 0.87606, 0, 1, 0 ],
				"triangles": [ 10, 11, 0, 6, 7, 8, 8, 4, 6, 4, 5, 6, 8, 9, 4, 3, 4, 9, 10, 0, 2, 10, 2, 9, 3, 9, 2, 1, 2, 0 ],
				"vertices": [ 25.52, 80.11, 60.09, 38.2, 55.48, 21.9, 50.7, 4.97, 45.19, -14.52, 40.04, -32.73, 1.62, -47.19, -21.44, -40.68, -18.42, -30.01, -3.7, 22.07, 9.3, 68.08, 13.65, 83.46 ],
				"hull": 12,
				"edges": [ 14, 16, 16, 8, 20, 22, 20, 4, 16, 18, 18, 20, 4, 6, 6, 8, 18, 6, 12, 14, 8, 10, 12, 10, 0, 22, 2, 4, 0, 2 ],
				"width": 129,
				"height": 57
			}
		},
		"half-closed eye L": {
			"closed eye L": { "x": 11.43, "y": 5.25, "rotation": 92.05, "width": 36, "height": 38 },
			"half-closed eye L": { "x": 11.45, "y": 4.75, "rotation": 92.05, "width": 35, "height": 38 }
		},
		"half-closed eye R": {
			"closed eye R": { "x": 14.9, "y": -4.45, "rotation": 96.17, "width": 47, "height": 47 },
			"half-closed eye R": { "x": 14.9, "y": -4.45, "rotation": 96.17, "width": 47, "height": 47 }
		},
		"head": {
			"head": {
				"type": "mesh",
				"uvs": [ 0, 0.45622, 0, 0.48112, 0.12483, 0.51689, 0.24686, 0.55294, 0.24159, 0.99731, 0.77839, 0.99892, 0.77575, 0.55171, 0.7499, 0.52909, 0.7471, 0.50148, 0.90716, 0.46257, 0.99308, 0.40798, 1, 0.38413, 0.8656, 0.27353, 0.79365, 0.19153, 0.73571, 0.12027, 0.64825, 0.0018, 0.49886, 0.00745, 0.38374, 0.1292, 0.23333, 0.29549, 0.1221, 0.35682, 0, 0.42413, 0.24912, 0.40529, 0.34242, 0.47993, 0.43175, 0.44363, 0.582, 0.41578, 0.68419, 0.45346, 0.13093, 0.42946, 0.76708, 0.36841, 0.88963, 0.38283 ],
				"triangles": [ 9, 27, 28, 9, 28, 10, 10, 28, 11, 11, 28, 12, 4, 3, 5, 3, 6, 5, 3, 7, 6, 7, 22, 23, 22, 7, 3, 3, 21, 22, 22, 21, 23, 18, 23, 21, 8, 7, 23, 8, 23, 25, 9, 8, 27, 8, 25, 27, 13, 27, 14, 25, 14, 27, 27, 12, 28, 27, 13, 12, 25, 23, 24, 14, 16, 15, 14, 25, 24, 3, 2, 21, 21, 2, 26, 2, 1, 26, 1, 0, 26, 0, 20, 26, 20, 19, 26, 26, 19, 21, 19, 18, 21, 17, 24, 23, 17, 23, 18, 24, 17, 14, 16, 14, 17 ],
				"vertices": [ 1, 13, 117.36, 3.32, 1, 1, 13, 118.64, 14.27, 1, 3, 13, 59.13, 37.23, 0.99893, 14, -187.53, -187.71, 2.2E-4, 15, -252.1, -185.61, 8.5E-4, 5, 11, 179.68, 62.15, 7.6E-4, 14, -125.38, -181.27, 0.12391, 15, -189.9, -179.68, 0.24262, 12, 100.71, 54.33, 0.6314, 16, -295.39, -109.95, 0.00131, 3, 13, 26.6, 255.35, 0.02609, 14, -58.15, -366.31, 0.31408, 15, -124.23, -365.28, 0.65983, 3, 14, 190.62, -272.94, 0.13533, 15, 125.32, -273.99, 0.2804, 12, -27.62, 357.3, 0.58428, 5, 11, -56.68, 174.73, 0.0019, 14, 119.29, -88.11, 0.23224, 15, 55.53, -88.57, 0.44334, 12, -125.97, 185.32, 0.32053, 16, -35.03, -82.47, 0.00199, 5, 11, -49.46, 160.17, 0.0044, 14, 103.78, -83.26, 0.24111, 15, 40.06, -83.6, 0.47286, 12, -119.93, 170.23, 0.27398, 16, -48.79, -73.82, 0.00764, 5, 11, -53.49, 148.54, 0.00389, 14, 98.15, -72.32, 0.22876, 15, 34.52, -72.61, 0.55579, 12, -124.87, 158.95, 0.18339, 16, -51.43, -61.79, 0.02818, 3, 15, 102.89, -29.02, 0.21068, 12, -202.04, 183.83, 0.00203, 16, 25.6, -36.5, 0.78729, 1, 16, 65.42, -8.06, 1, 2, 15, 133.99, 19.49, 2.8E-4, 16, 67.74, 2.8, 0.99972, 3, 14, 117.27, 42.89, 0.0542, 15, 54.61, 42.44, 0.75343, 16, -3.48, 44.69, 0.19238, 4, 11, -133.58, 34.65, 0.0101, 14, 71.11, 64.26, 0.56863, 15, 8.63, 64.19, 0.41986, 16, -42.64, 77.16, 0.00141, 3, 11, -121.35, -6.21, 0.123, 14, 33.11, 83.64, 0.7828, 15, -29.21, 83.88, 0.0942, 3, 11, -104.97, -72.24, 0.42416, 14, -25.95, 117.4, 0.57445, 15, -87.99, 118.14, 0.00139, 3, 11, -37.19, -101.92, 0.73827, 14, -94.23, 88.89, 0.26173, 15, -156.5, 90.2, 0, 4, 11, 37.5, -77.89, 0.9525, 14, -128.44, 18.28, 0.01071, 15, -191.3, 19.88, 0, 12, -52.14, -73.98, 0.03679, 5, 11, 136.47, -43.61, 0.08961, 13, -5.67, -53.9, 0.16648, 14, -172, -76.97, 3.0E-5, 15, -235.66, -75, 4.0E-5, 12, 49.24, -47.66, 0.74385, 2, 13, 52.19, -33.36, 0.97233, 12, 110.49, -51.82, 0.02767, 1, 13, 115.7, -10.8, 1, 2, 13, -7.75, -4.68, 0.5, 12, 66.9, -1.67, 0.5, 5, 11, 123.05, 53.41, 0.04039, 13, -49.75, 33.55, 0.0875, 14, -92.58, -134.28, 0.03678, 15, -156.72, -132.97, 0.03807, 12, 43.56, 50.11, 0.79726, 4, 11, 76.22, 58.01, 0.41185, 14, -56.92, -103.59, 0.11672, 15, -120.8, -102.58, 0.04481, 12, -2.75, 58.41, 0.42662, 4, 11, 3.82, 79, 0.32778, 14, 8.28, -65.73, 0.43601, 15, -55.29, -65.27, 0.07405, 12, -73.26, 85.08, 0.16216, 5, 11, -34.6, 115.9, 0.01066, 14, 61.49, -63.44, 0.33728, 15, -2.05, -63.42, 0.50021, 12, -108.62, 124.92, 0.14588, 16, -84.6, -43.84, 0.00598, 1, 13, 51.61, -0.89, 1, 1, 15, 23.4, -13.87, 1, 2, 15, 82.53, 1.12, 0.16144, 16, 13.34, -2.25, 0.83856 ],
				"hull": 21,
				"edges": [ 6, 8, 10, 12, 12, 14, 14, 16, 20, 22, 8, 10, 42, 6, 42, 36, 2, 0, 0, 40, 36, 38, 38, 40, 0, 52, 52, 42, 38, 52, 2, 4, 4, 6, 52, 4, 34, 36, 32, 34, 6, 12, 30, 32, 28, 30, 22, 24, 18, 20, 34, 46, 50, 28, 24, 26, 26, 28, 16, 18, 16, 54, 54, 26, 18, 56, 56, 24, 54, 56, 56, 22, 6, 44, 44, 46, 46, 48, 48, 50, 50, 16 ],
				"width": 495,
				"height": 443
			}
		},
		"hook": {
			"hook": { "x": 47.68, "y": 17.95, "rotation": 128.14, "width": 179, "height": 218 }
		},
		"leg L": {
			"leg L": {
				"type": "mesh",
				"uvs": [ 0, 0.43108, 0.11172, 0.61249, 0.31951, 0.88012, 0.49267, 1, 0.72354, 1, 0.92968, 0.92143, 1, 0.64841, 1, 0.3251, 1, 0.17781, 0.82744, 0, 0.51411, 0, 0.13481, 0.10058, 0.00783, 0.27122, 0.67033, 0.74593, 0.60703, 0.44366, 0.55117, 0.17696 ],
				"triangles": [ 0, 15, 14, 14, 15, 7, 15, 12, 11, 15, 0, 12, 15, 8, 7, 15, 9, 8, 11, 10, 15, 15, 10, 9, 2, 1, 14, 14, 7, 6, 1, 0, 14, 3, 13, 4, 4, 13, 5, 3, 2, 13, 5, 13, 6, 13, 2, 14, 13, 14, 6 ],
				"vertices": [ 2, 18, -45.48, -103.5, 0.11693, 17, 31.94, -104.06, 0.88307, 2, 18, -13.26, -91.74, 0.274, 17, 64.02, -91.94, 0.726, 2, 18, 36.02, -67.25, 0.763, 17, 113.02, -66.9, 0.237, 2, 18, 61.35, -42.98, 0.96107, 17, 138.08, -42.35, 0.03893, 1, 18, 70.77, -4.64, 1, 1, 18, 67.19, 32.53, 1, 2, 18, 28.43, 54.43, 0.79266, 17, 104.07, 54.69, 0.20734, 2, 18, -20.87, 66.53, 0.17539, 17, 54.64, 66.24, 0.82461, 2, 18, -43.32, 72.05, 0.05974, 17, 32.13, 71.5, 0.94026, 1, 17, -1.77, 49.12, 1, 1, 17, -13.96, -3.06, 1, 2, 18, -90.37, -68.74, 0.02124, 17, -13.35, -69.81, 0.97876, 2, 18, -69.53, -96.22, 0.06689, 17, 7.8, -97.05, 0.93311, 1, 18, 29.86, -3.97, 1, 1, 17, 57.48, -3.43, 1, 1, 17, 14.53, -3.21, 1 ],
				"hull": 13,
				"edges": [ 0, 2, 2, 4, 4, 6, 6, 8, 8, 10, 10, 12, 16, 18, 18, 20, 20, 22, 22, 24, 0, 24, 8, 26, 4, 26, 26, 12, 28, 26, 2, 28, 12, 14, 14, 16, 28, 14, 20, 30, 30, 28, 30, 0, 30, 16 ],
				"width": 171,
				"height": 157
			}
		},
		"leg R": {
			"leg R": {
				"type": "mesh",
				"uvs": [ 0.00181, 0.06097, 0.20212, 0, 0.5348, 0, 0.85778, 0.13507, 1, 0.33464, 0.94855, 0.52819, 0.78078, 0.78932, 0.54259, 1, 0.20448, 1, 0.08944, 0.79454, 0.01547, 0.48424, 0.47313, 0.29357, 0.39388, 0.63509, 0.30597, 0.89271 ],
				"triangles": [ 12, 11, 5, 11, 3, 5, 5, 3, 4, 10, 0, 11, 0, 1, 11, 11, 2, 3, 11, 1, 2, 6, 7, 12, 9, 10, 12, 6, 12, 5, 12, 10, 11, 8, 13, 7, 8, 9, 13, 7, 13, 12, 13, 9, 12 ],
				"vertices": [ 2, 4, -38.72, -102.11, 0.23384, 3, 20.04, -101.22, 0.76616, 2, 4, -54.97, -62.93, 0.12538, 3, 5.27, -61.45, 0.87462, 2, 4, -67.32, 4.82, 2.0E-5, 3, -4.53, 6.71, 0.99998, 2, 4, -59.77, 74.15, 0.16126, 3, 5.61, 75.72, 0.83874, 2, 4, -36.19, 108.38, 0.26456, 3, 30.46, 109.03, 0.73544, 2, 4, -6.29, 103, 0.35945, 3, 60.14, 102.54, 0.64055, 2, 4, 37.7, 75.72, 0.72399, 3, 103.08, 73.62, 0.27601, 2, 4, 77.01, 32.76, 0.99584, 3, 140.75, 29.22, 0.00416, 2, 4, 89.56, -36.09, 0.99551, 3, 150.71, -40.05, 0.00449, 2, 4, 64.12, -64.93, 0.90818, 3, 124.2, -67.92, 0.09182, 2, 4, 21.99, -88.18, 0.58694, 3, 81.23, -89.56, 0.41306, 1, 3, 40, 0.22, 1, 1, 4, 29.76, -7.14, 1, 2, 4, 70.28, -18.25, 0.99913, 3, 132.11, -21.5, 8.7E-4 ],
				"hull": 11,
				"edges": [ 10, 12, 12, 14, 16, 18, 18, 20, 6, 8, 8, 10, 0, 2, 2, 4, 4, 6, 20, 0, 14, 16, 0, 22, 22, 10, 4, 22, 12, 24, 24, 20, 22, 24, 14, 26, 26, 18, 24, 26 ],
				"width": 207,
				"height": 147
			}
		},
		"lip": {
			"lip": { "x": 9.13, "y": -3.41, "rotation": 90, "width": 41, "height": 23 }
		},
		"mustache": {
			"mustache": { "x": 46.52, "y": -13.88, "rotation": 90.73, "width": 224, "height": 112 }
		},
		"nose": {
			"nose": { "x": 2.57, "y": -0.1, "rotation": 91.41, "width": 55, "height": 59 }
		},
		"pupil L": {
			"pupil L": { "x": 0.72, "y": -0.28, "rotation": 91.41, "width": 10, "height": 12 }
		},
		"pupil R": {
			"pupil R": { "x": -0.95, "y": -0.61, "rotation": 91.41, "width": 11, "height": 14 }
		},
		"shadow": {
			"shadow": { "x": 6.18, "y": -0.45, "width": 665, "height": 29 }
		},
		"sword": {
			"sword": { "x": 160.44, "y": -24.26, "rotation": -72.72, "width": 197, "height": 359 }
		},
		"sword_1": {
			"sword_1": {
				"type": "mesh",
				"uvs": [ 0.25554, 0.06146, 0.38956, 0.22565, 0.46124, 0.38984, 0.44254, 0.53522, 0.37709, 0.64468, 0.28359, 0.77124, 0.16204, 0.87557, 0.0623, 0.95937, 0.29294, 0.9474, 0.53916, 0.91319, 0.76357, 0.83623, 0.91629, 0.7148, 0.95369, 0.60192, 0.95992, 0.47707, 0.92252, 0.34366, 0.79474, 0.18289, 0.55163, 0.0683, 0.26801, 0.02384 ],
				"triangles": [ 1, 17, 16, 0, 17, 1, 1, 16, 15, 2, 1, 15, 2, 15, 14, 13, 2, 14, 13, 3, 2, 12, 3, 13, 11, 3, 12, 10, 3, 11, 4, 3, 10, 9, 4, 10, 5, 4, 9, 8, 5, 9, 6, 5, 8, 7, 6, 8 ],
				"vertices": [ -54.23, 204.25, -27.83, 145.3, -13.71, 86.36, -7.83, 14.05, -24.21, -51.94, -42.63, -97.37, -66.58, -134.83, -86.23, -164.91, -40.79, -160.62, 7.71, -148.34, 51.92, -120.71, 82.01, -77.11, 92.87, -9.9, 94.1, 34.92, 80.24, 98.56, 51.99, 160.65, 4.1, 201.79, -51.78, 217.76 ],
				"hull": 18,
				"edges": [ 0, 2, 2, 4, 4, 6, 6, 8, 8, 10, 10, 12, 12, 14, 14, 16, 16, 18, 18, 20, 20, 22, 22, 24, 24, 26, 26, 28, 28, 30, 30, 32, 32, 34, 0, 34, 28, 4, 30, 2, 24, 6, 20, 8, 18, 10 ],
				"width": 197,
				"height": 359
			}
		}
	}
},
"animations": {
	"Attack_1": {
		"slots": {
			"sword_1": {
				"attachment": [
					{ "time": 0.4333, "name": null },
					{ "time": 0.5667, "name": null }
				]
			}
		},
		"bones": {
			"head": {
				"rotate": [
					{ "time": 0, "angle": 0 },
					{ "time": 0.3333, "angle": -352.57 },
					{ "time": 0.5, "angle": 0, "curve": "stepped" },
					{ "time": 0.9667, "angle": 0 }
				],
				"translate": [
					{ "time": 0, "x": 0, "y": 0 },
					{ "time": 0.3333, "x": 17.1, "y": 10.53 },
					{ "time": 0.5, "x": -7.67, "y": 0.47 },
					{ "time": 0.7333, "x": 5.71, "y": -0.35 },
					{ "time": 0.9667, "x": 0, "y": 0 }
				]
			},
			"hook": {
				"rotate": [
					{ "time": 0, "angle": 0 },
					{ "time": 0.3333, "angle": 40.55 },
					{ "time": 0.4333, "angle": 40.42 },
					{ "time": 0.5, "angle": 11.04 },
					{ "time": 0.9667, "angle": 0 }
				],
				"translate": [
					{ "time": 0, "x": 0, "y": 0 },
					{ "time": 0.3333, "x": -2.66, "y": 22.52 },
					{ "time": 0.4333, "x": -10.73, "y": 24.86 },
					{ "time": 0.5, "x": 0, "y": 0, "curve": "stepped" },
					{ "time": 0.9667, "x": 0, "y": 0 }
				],
				"scale": [
					{ "time": 0, "x": 1, "y": 1, "curve": "stepped" },
					{ "time": 0.5, "x": 1, "y": 1, "curve": "stepped" },
					{ "time": 0.9667, "x": 1, "y": 1 }
				]
			},
			"body": {
				"rotate": [
					{ "time": 0, "angle": 0 },
					{ "time": 0.3333, "angle": 6.08 },
					{ "time": 0.4333, "angle": -6.94 },
					{ "time": 0.9667, "angle": 0 }
				],
				"translate": [
					{ "time": 0, "x": 0, "y": 0 },
					{ "time": 0.3333, "x": -3.87, "y": 27.03 },
					{ "time": 0.4333, "x": -1.82, "y": -21.38 },
					{ "time": 0.9667, "x": 0, "y": 0 }
				]
			},
			"belt": {
				"rotate": [
					{ "time": 0, "angle": 0, "curve": "stepped" },
					{ "time": 0.5, "angle": 0, "curve": "stepped" },
					{ "time": 0.9667, "angle": 0 }
				],
				"translate": [
					{ "time": 0, "x": 0, "y": 0, "curve": "stepped" },
					{ "time": 0.5, "x": 0, "y": 0, "curve": "stepped" },
					{ "time": 0.9667, "x": 0, "y": 0 }
				],
				"scale": [
					{ "time": 0, "x": 1, "y": 1, "curve": "stepped" },
					{ "time": 0.5, "x": 1, "y": 1, "curve": "stepped" },
					{ "time": 0.9667, "x": 1, "y": 1 }
				]
			},
			"boot L": {
				"rotate": [
					{ "time": 0, "angle": 0 },
					{ "time": 0.3333, "angle": 11.86 },
					{ "time": 0.4333, "angle": 5.66 },
					{ "time": 0.9667, "angle": 0 }
				],
				"translate": [
					{ "time": 0, "x": 0, "y": 0, "curve": "stepped" },
					{ "time": 0.4333, "x": 0, "y": 0, "curve": "stepped" },
					{ "time": 0.9667, "x": 0, "y": 0 }
				],
				"scale": [
					{ "time": 0, "x": 1, "y": 1, "curve": "stepped" },
					{ "time": 0.4333, "x": 1, "y": 1, "curve": "stepped" },
					{ "time": 0.9667, "x": 1, "y": 1 }
				]
			},
			"groin": {
				"rotate": [
					{ "time": 0, "angle": 0, "curve": "stepped" },
					{ "time": 0.5, "angle": 0, "curve": "stepped" },
					{ "time": 0.9667, "angle": 0 }
				],
				"translate": [
					{ "time": 0, "x": 0, "y": 0, "curve": "stepped" },
					{ "time": 0.5, "x": 0, "y": 0, "curve": "stepped" },
					{ "time": 0.9667, "x": 0, "y": 0 }
				],
				"scale": [
					{ "time": 0, "x": 1, "y": 1, "curve": "stepped" },
					{ "time": 0.5, "x": 1, "y": 1, "curve": "stepped" },
					{ "time": 0.9667, "x": 1, "y": 1 }
				]
			},
			"boot R": {
				"rotate": [
					{ "time": 0, "angle": 0, "curve": "stepped" },
					{ "time": 0.3333, "angle": 0 },
					{ "time": 0.4333, "angle": -4.7 },
					{ "time": 0.9667, "angle": 0 }
				],
				"translate": [
					{ "time": 0, "x": 0, "y": 0, "curve": "stepped" },
					{ "time": 0.3333, "x": 0, "y": 0, "curve": "stepped" },
					{ "time": 0.4333, "x": 0, "y": 0, "curve": "stepped" },
					{ "time": 0.9667, "x": 0, "y": 0 }
				],
				"scale": [
					{ "time": 0, "x": 1, "y": 1, "curve": "stepped" },
					{ "time": 0.9667, "x": 1, "y": 1 }
				],
				"shear": [
					{ "time": 0, "x": 0, "y": 0, "curve": "stepped" },
					{ "time": 0.9667, "x": 0, "y": 0 }
				]
			},
			"fist": {
				"rotate": [
					{ "time": 0, "angle": 0 },
					{ "time": 0.3333, "angle": -19.53 },
					{ "time": 0.4333, "angle": -25.1 },
					{ "time": 0.5333, "angle": -33.92 },
					{ "time": 0.9667, "angle": 0 }
				],
				"translate": [
					{ "time": 0, "x": 0, "y": 0, "curve": "stepped" },
					{ "time": 0.3333, "x": 0, "y": 0, "curve": "stepped" },
					{ "time": 0.4333, "x": 0, "y": 0, "curve": "stepped" },
					{ "time": 0.5333, "x": 0, "y": 0, "curve": "stepped" },
					{ "time": 0.9667, "x": 0, "y": 0 }
				],
				"scale": [
					{ "time": 0, "x": 1, "y": 1, "curve": "stepped" },
					{ "time": 0.5333, "x": 1, "y": 1, "curve": "stepped" },
					{ "time": 0.9667, "x": 1, "y": 1 }
				]
			},
			"earring": {
				"rotate": [
					{ "time": 0, "angle": 0 },
					{ "time": 0.3333, "angle": -14.51 },
					{ "time": 0.4333, "angle": -21.51 },
					{ "time": 0.7, "angle": 18.54 },
					{ "time": 0.9667, "angle": 0 }
				],
				"translate": [
					{ "time": 0, "x": 0, "y": 0, "curve": "stepped" },
					{ "time": 0.7, "x": 0, "y": 0, "curve": "stepped" },
					{ "time": 0.9667, "x": 0, "y": 0 }
				],
				"scale": [
					{ "time": 0, "x": 1, "y": 1, "curve": "stepped" },
					{ "time": 0.7, "x": 1, "y": 1, "curve": "stepped" },
					{ "time": 0.9667, "x": 1, "y": 1 }
				]
			},
			"eyebrow R": {
				"rotate": [
					{ "time": 0, "angle": 0, "curve": "stepped" },
					{ "time": 0.5, "angle": 0, "curve": "stepped" },
					{ "time": 0.6667, "angle": 0, "curve": "stepped" },
					{ "time": 0.9667, "angle": 0 }
				],
				"translate": [
					{ "time": 0, "x": 0, "y": 0 },
					{ "time": 0.3333, "x": -7.44, "y": -0.25 },
					{ "time": 0.5, "x": 6.24, "y": 2.12, "curve": "stepped" },
					{ "time": 0.6667, "x": 6.24, "y": 2.12 },
					{ "time": 0.9667, "x": 0, "y": 0 }
				],
				"scale": [
					{ "time": 0, "x": 1, "y": 1, "curve": "stepped" },
					{ "time": 0.5, "x": 1, "y": 1, "curve": "stepped" },
					{ "time": 0.6667, "x": 1, "y": 1, "curve": "stepped" },
					{ "time": 0.9667, "x": 1, "y": 1 }
				]
			},
			"eyebrow L": {
				"rotate": [
					{ "time": 0, "angle": 0, "curve": "stepped" },
					{ "time": 0.5, "angle": 0, "curve": "stepped" },
					{ "time": 0.6667, "angle": 0, "curve": "stepped" },
					{ "time": 0.9667, "angle": 0 }
				],
				"translate": [
					{ "time": 0, "x": 0, "y": 0 },
					{ "time": 0.3333, "x": -8.51, "y": -0.94 },
					{ "time": 0.5, "x": 5.29, "y": -0.61, "curve": "stepped" },
					{ "time": 0.6667, "x": 5.29, "y": -0.61 },
					{ "time": 0.9667, "x": 0, "y": 0 }
				],
				"scale": [
					{ "time": 0, "x": 1, "y": 1, "curve": "stepped" },
					{ "time": 0.5, "x": 1, "y": 1, "curve": "stepped" },
					{ "time": 0.6667, "x": 1, "y": 1, "curve": "stepped" },
					{ "time": 0.9667, "x": 1, "y": 1 }
				]
			},
			"mustache": {
				"rotate": [
					{ "time": 0, "angle": 0, "curve": "stepped" },
					{ "time": 0.5, "angle": 0, "curve": "stepped" },
					{ "time": 0.9667, "angle": 0 }
				],
				"translate": [
					{ "time": 0, "x": 0, "y": 0 },
					{ "time": 0.3333, "x": -5.57, "y": -0.83 },
					{ "time": 0.5, "x": 5.16, "y": -0.18 },
					{ "time": 0.9667, "x": 0, "y": 0 }
				],
				"scale": [
					{ "time": 0, "x": 1, "y": 1, "curve": "stepped" },
					{ "time": 0.5, "x": 1, "y": 1, "curve": "stepped" },
					{ "time": 0.9667, "x": 1, "y": 1 }
				]
			},
			"lip": {
				"rotate": [
					{ "time": 0, "angle": 0, "curve": "stepped" },
					{ "time": 0.5, "angle": 0, "curve": "stepped" },
					{ "time": 0.9667, "angle": 0 }
				],
				"translate": [
					{ "time": 0, "x": 0, "y": 0 },
					{ "time": 0.3333, "x": 8.42, "y": 1.56 },
					{ "time": 0.5, "x": 0, "y": 0, "curve": "stepped" },
					{ "time": 0.9667, "x": 0, "y": 0 }
				],
				"scale": [
					{ "time": 0, "x": 1, "y": 1, "curve": "stepped" },
					{ "time": 0.5, "x": 1, "y": 1, "curve": "stepped" },
					{ "time": 0.9667, "x": 1, "y": 1 }
				]
			},
			"Pirate": {
				"shear": [
					{ "time": 0, "x": 0, "y": 0 }
				]
			},
			"nose": {
				"rotate": [
					{ "time": 0, "angle": 0, "curve": "stepped" },
					{ "time": 0.5, "angle": 0, "curve": "stepped" },
					{ "time": 0.9667, "angle": 0 }
				],
				"translate": [
					{ "time": 0, "x": 0, "y": 0, "curve": "stepped" },
					{ "time": 0.5, "x": 0, "y": 0, "curve": "stepped" },
					{ "time": 0.9667, "x": 0, "y": 0 }
				],
				"scale": [
					{ "time": 0, "x": 1, "y": 1, "curve": "stepped" },
					{ "time": 0.5, "x": 1, "y": 1, "curve": "stepped" },
					{ "time": 0.9667, "x": 1, "y": 1 }
				]
			},
			"half-closed eye R": {
				"rotate": [
					{ "time": 0, "angle": 0, "curve": "stepped" },
					{ "time": 0.5, "angle": 0, "curve": "stepped" },
					{ "time": 0.9667, "angle": 0 }
				],
				"translate": [
					{ "time": 0, "x": 0, "y": 0, "curve": "stepped" },
					{ "time": 0.5, "x": 0, "y": 0, "curve": "stepped" },
					{ "time": 0.9667, "x": 0, "y": 0 }
				],
				"scale": [
					{ "time": 0, "x": 1, "y": 1, "curve": "stepped" },
					{ "time": 0.5, "x": 1, "y": 1, "curve": "stepped" },
					{ "time": 0.9667, "x": 1, "y": 1 }
				]
			},
			"half-closed eye L": {
				"rotate": [
					{ "time": 0, "angle": 0, "curve": "stepped" },
					{ "time": 0.5, "angle": 0, "curve": "stepped" },
					{ "time": 0.9667, "angle": 0 }
				],
				"translate": [
					{ "time": 0, "x": 0, "y": 0, "curve": "stepped" },
					{ "time": 0.5, "x": 0, "y": 0, "curve": "stepped" },
					{ "time": 0.9667, "x": 0, "y": 0 }
				],
				"scale": [
					{ "time": 0, "x": 1, "y": 1, "curve": "stepped" },
					{ "time": 0.5, "x": 1, "y": 1, "curve": "stepped" },
					{ "time": 0.9667, "x": 1, "y": 1 }
				]
			},
			"pupil R": {
				"rotate": [
					{ "time": 0, "angle": 0, "curve": "stepped" },
					{ "time": 0.5, "angle": 0, "curve": "stepped" },
					{ "time": 0.9667, "angle": 0 }
				],
				"translate": [
					{ "time": 0, "x": 0, "y": 0 },
					{ "time": 0.3333, "x": 7.7, "y": 2.63 },
					{ "time": 0.5, "x": 1.18, "y": 0.16 },
					{ "time": 0.9667, "x": 0, "y": 0 }
				],
				"scale": [
					{ "time": 0, "x": 1, "y": 1, "curve": "stepped" },
					{ "time": 0.5, "x": 1, "y": 1, "curve": "stepped" },
					{ "time": 0.9667, "x": 1, "y": 1 }
				]
			},
			"pupil L": {
				"rotate": [
					{ "time": 0, "angle": 0, "curve": "stepped" },
					{ "time": 0.5, "angle": 0, "curve": "stepped" },
					{ "time": 0.9667, "angle": 0 }
				],
				"translate": [
					{ "time": 0, "x": 0, "y": 0 },
					{ "time": 0.3333, "x": 7.7, "y": 2.63 },
					{ "time": 0.5, "x": 1.18, "y": 0.16 },
					{ "time": 0.9667, "x": 0, "y": 0 }
				],
				"scale": [
					{ "time": 0, "x": 1, "y": 1, "curve": "stepped" },
					{ "time": 0.5, "x": 1, "y": 1, "curve": "stepped" },
					{ "time": 0.9667, "x": 1, "y": 1 }
				]
			},
			"arm R": {
				"rotate": [
					{ "time": 0, "angle": 0 },
					{ "time": 0.3333, "angle": 25.82 },
					{ "time": 0.5, "angle": -22.44 },
					{ "time": 0.9667, "angle": 0 }
				],
				"translate": [
					{ "time": 0, "x": 0, "y": 0 },
					{ "time": 0.3333, "x": -4.19, "y": -29.27 },
					{ "time": 0.5, "x": 0, "y": 0, "curve": "stepped" },
					{ "time": 0.9667, "x": 0, "y": 0 }
				],
				"scale": [
					{ "time": 0, "x": 1, "y": 1, "curve": "stepped" },
					{ "time": 0.5, "x": 1, "y": 1, "curve": "stepped" },
					{ "time": 0.9667, "x": 1, "y": 1 }
				]
			},
			"bone8": {
				"rotate": [
					{ "time": 0, "angle": 0 },
					{ "time": 0.3333, "angle": 46.24 },
					{ "time": 0.4333, "angle": 37.77 },
					{ "time": 0.5, "angle": 14.49 },
					{ "time": 0.7, "angle": -11.59 },
					{ "time": 0.9667, "angle": 0 }
				],
				"translate": [
					{ "time": 0, "x": 0, "y": 0, "curve": "stepped" },
					{ "time": 0.5, "x": 0, "y": 0, "curve": "stepped" },
					{ "time": 0.9667, "x": 0, "y": 0 }
				],
				"scale": [
					{ "time": 0, "x": 1, "y": 1, "curve": "stepped" },
					{ "time": 0.5, "x": 1, "y": 1, "curve": "stepped" },
					{ "time": 0.9667, "x": 1, "y": 1 }
				]
			},
			"arm L": {
				"rotate": [
					{ "time": 0, "angle": 0 },
					{ "time": 0.3333, "angle": 247.63 },
					{ "time": 0.5333, "angle": 12.95 },
					{ "time": 0.9667, "angle": 0 }
				],
				"translate": [
					{ "time": 0, "x": 0, "y": 0 },
					{ "time": 0.3333, "x": 6.33, "y": 44.21 },
					{ "time": 0.4333, "x": -3.12, "y": -16.85 },
					{ "time": 0.5333, "x": -2.08, "y": -11.23 },
					{ "time": 0.9667, "x": 0, "y": 0 }
				],
				"scale": [
					{ "time": 0, "x": 1, "y": 1, "curve": "stepped" },
					{ "time": 0.5333, "x": 1, "y": 1, "curve": "stepped" },
					{ "time": 0.9667, "x": 1, "y": 1 }
				]
			},
			"bone2": {
				"rotate": [
					{ "time": 0, "angle": 0 },
					{ "time": 0.3333, "angle": 29.56 },
					{ "time": 0.4333, "angle": 13.9 },
					{ "time": 0.5333, "angle": -0.72 },
					{ "time": 0.9667, "angle": 0 }
				],
				"translate": [
					{ "time": 0, "x": 0, "y": 0, "curve": "stepped" },
					{ "time": 0.3333, "x": 0, "y": 0, "curve": "stepped" },
					{ "time": 0.4333, "x": 0, "y": 0, "curve": "stepped" },
					{ "time": 0.5333, "x": 0, "y": 0, "curve": "stepped" },
					{ "time": 0.9667, "x": 0, "y": 0 }
				],
				"scale": [
					{ "time": 0, "x": 1, "y": 1, "curve": "stepped" },
					{ "time": 0.5333, "x": 1, "y": 1, "curve": "stepped" },
					{ "time": 0.9667, "x": 1, "y": 1 }
				]
			},
			"sword": {
				"rotate": [
					{ "time": 0, "angle": 0 },
					{ "time": 0.3333, "angle": -31.97 },
					{ "time": 0.4333, "angle": -3.01 },
					{ "time": 0.5333, "angle": -5.5 },
					{ "time": 0.9667, "angle": 0 }
				],
				"translate": [
					{ "time": 0, "x": 0, "y": 0, "curve": "stepped" },
					{ "time": 0.3333, "x": 0, "y": 0, "curve": "stepped" },
					{ "time": 0.5333, "x": 0, "y": 0, "curve": "stepped" },
					{ "time": 0.9667, "x": 0, "y": 0 }
				],
				"scale": [
					{ "time": 0, "x": 1, "y": 1, "curve": "stepped" },
					{ "time": 0.5333, "x": 1, "y": 1, "curve": "stepped" },
					{ "time": 0.9667, "x": 1, "y": 1 }
				]
			},
			"leg R": {
				"rotate": [
					{ "time": 0, "angle": 0 },
					{ "time": 0.3333, "angle": -2.85 },
					{ "time": 0.5667, "angle": 3.28 },
					{ "time": 0.9667, "angle": 0 }
				],
				"translate": [
					{ "time": 0, "x": 0, "y": 0 },
					{ "time": 0.3333, "x": 10.99, "y": -5.84 },
					{ "time": 0.4333, "x": -0.02, "y": -2.38 },
					{ "time": 0.5667, "x": 2.04, "y": -3.08 },
					{ "time": 0.9667, "x": 0, "y": 0 }
				],
				"scale": [
					{ "time": 0, "x": 1, "y": 1, "curve": "stepped" },
					{ "time": 0.9667, "x": 1, "y": 1 }
				]
			},
			"Leg R-2": {
				"rotate": [
					{ "time": 0, "angle": 0 },
					{ "time": 0.3333, "angle": -2.44 },
					{ "time": 0.4333, "angle": -376.73 },
					{ "time": 0.5667, "angle": -387.93 },
					{ "time": 0.9667, "angle": 0 }
				],
				"translate": [
					{ "time": 0, "x": 0, "y": 0 },
					{ "time": 0.3333, "x": -0.74, "y": -3.65 },
					{ "time": 0.4333, "x": 5.64, "y": -4.32 },
					{ "time": 0.5667, "x": 7.05, "y": 1.02 },
					{ "time": 0.9667, "x": 0, "y": 0 }
				],
				"scale": [
					{ "time": 0, "x": 1, "y": 1, "curve": "stepped" },
					{ "time": 0.9667, "x": 1, "y": 1 }
				]
			},
			"leg L": {
				"rotate": [
					{ "time": 0, "angle": 0 },
					{ "time": 0.3333, "angle": 16.36 },
					{ "time": 0.4333, "angle": 9.13 },
					{ "time": 0.9667, "angle": 0 }
				],
				"translate": [
					{ "time": 0, "x": 0, "y": 0 },
					{ "time": 0.4333, "x": -22.35, "y": 3.48 },
					{ "time": 0.9667, "x": 0, "y": 0 }
				],
				"scale": [
					{ "time": 0, "x": 1, "y": 1, "curve": "stepped" },
					{ "time": 0.4333, "x": 1, "y": 1, "curve": "stepped" },
					{ "time": 0.9667, "x": 1, "y": 1 }
				]
			},
			"leg L-2": {
				"rotate": [
					{ "time": 0, "angle": 0 },
					{ "time": 0.3333, "angle": 16.1 },
					{ "time": 0.4333, "angle": -7.2 },
					{ "time": 0.9667, "angle": 0 }
				],
				"translate": [
					{ "time": 0, "x": 0, "y": 0 },
					{ "time": 0.4333, "x": -3.95, "y": 1.34 },
					{ "time": 0.9667, "x": 0, "y": 0 }
				],
				"scale": [
					{ "time": 0, "x": 1, "y": 1, "curve": "stepped" },
					{ "time": 0.4333, "x": 1, "y": 1, "curve": "stepped" },
					{ "time": 0.9667, "x": 1, "y": 1 }
				]
			},
			"bone40": {
				"rotate": [
					{ "time": 0, "angle": 0, "curve": "stepped" },
					{ "time": 0.5, "angle": 0, "curve": "stepped" },
					{ "time": 0.9667, "angle": 0 }
				],
				"translate": [
					{ "time": 0, "x": 0, "y": 0, "curve": "stepped" },
					{ "time": 0.5, "x": 0, "y": 0, "curve": "stepped" },
					{ "time": 0.9667, "x": 0, "y": 0 }
				],
				"scale": [
					{ "time": 0, "x": 1, "y": 1, "curve": "stepped" },
					{ "time": 0.5, "x": 1, "y": 1, "curve": "stepped" },
					{ "time": 0.9667, "x": 1, "y": 1 }
				]
			},
			"bone41": {
				"rotate": [
					{ "time": 0, "angle": 0, "curve": "stepped" },
					{ "time": 0.5, "angle": 0, "curve": "stepped" },
					{ "time": 0.9667, "angle": 0 }
				],
				"translate": [
					{ "time": 0, "x": 0, "y": 0, "curve": "stepped" },
					{ "time": 0.5, "x": 0, "y": 0, "curve": "stepped" },
					{ "time": 0.9667, "x": 0, "y": 0 }
				],
				"scale": [
					{ "time": 0, "x": 1, "y": 1, "curve": "stepped" },
					{ "time": 0.5, "x": 1, "y": 1, "curve": "stepped" },
					{ "time": 0.9667, "x": 1, "y": 1 }
				]
			},
			"bone42": {
				"rotate": [
					{ "time": 0, "angle": 0 },
					{ "time": 0.3333, "angle": 5.1 },
					{ "time": 0.5, "angle": -10.17 },
					{ "time": 0.9667, "angle": 0 }
				],
				"translate": [
					{ "time": 0, "x": 0, "y": 0, "curve": "stepped" },
					{ "time": 0.5, "x": 0, "y": 0, "curve": "stepped" },
					{ "time": 0.9667, "x": 0, "y": 0 }
				],
				"scale": [
					{ "time": 0, "x": 1, "y": 1, "curve": "stepped" },
					{ "time": 0.5, "x": 1, "y": 1, "curve": "stepped" },
					{ "time": 0.9667, "x": 1, "y": 1 }
				]
			},
			"bone43": {
				"rotate": [
					{ "time": 0, "angle": 0, "curve": "stepped" },
					{ "time": 0.5, "angle": 0, "curve": "stepped" },
					{ "time": 0.9667, "angle": 0 }
				],
				"translate": [
					{ "time": 0, "x": 0, "y": 0, "curve": "stepped" },
					{ "time": 0.5, "x": 0, "y": 0, "curve": "stepped" },
					{ "time": 0.9667, "x": 0, "y": 0 }
				],
				"scale": [
					{ "time": 0, "x": 1, "y": 1, "curve": "stepped" },
					{ "time": 0.5, "x": 1, "y": 1, "curve": "stepped" },
					{ "time": 0.9667, "x": 1, "y": 1 }
				]
			},
			"bone44": {
				"rotate": [
					{ "time": 0, "angle": 0, "curve": "stepped" },
					{ "time": 0.5, "angle": 0, "curve": "stepped" },
					{ "time": 0.9667, "angle": 0 }
				],
				"translate": [
					{ "time": 0, "x": 0, "y": 0, "curve": "stepped" },
					{ "time": 0.5, "x": 0, "y": 0, "curve": "stepped" },
					{ "time": 0.9667, "x": 0, "y": 0 }
				],
				"scale": [
					{ "time": 0, "x": 1, "y": 1, "curve": "stepped" },
					{ "time": 0.5, "x": 1, "y": 1, "curve": "stepped" },
					{ "time": 0.9667, "x": 1, "y": 1 }
				]
			},
			"bone45": {
				"rotate": [
					{ "time": 0, "angle": 0 },
					{ "time": 0.3333, "angle": -8.09 },
					{ "time": 0.5, "angle": 8.81 },
					{ "time": 0.9667, "angle": 0 }
				],
				"translate": [
					{ "time": 0, "x": 0, "y": 0, "curve": "stepped" },
					{ "time": 0.5, "x": 0, "y": 0, "curve": "stepped" },
					{ "time": 0.9667, "x": 0, "y": 0 }
				],
				"scale": [
					{ "time": 0, "x": 1, "y": 1, "curve": "stepped" },
					{ "time": 0.5, "x": 1, "y": 1, "curve": "stepped" },
					{ "time": 0.9667, "x": 1, "y": 1 }
				]
			},
			"sword2": {
				"rotate": [
					{ "time": 0.4333, "angle": 0 },
					{ "time": 0.5333, "angle": 14.4 }
				],
				"translate": [
					{ "time": 0.4333, "x": 194.15, "y": -343.07 },
					{ "time": 0.4667, "x": 209.26, "y": -331.16 },
					{ "time": 0.5333, "x": 316.74, "y": -227.45 }
				]
			}
		},
		"deform": {
			"default": {
				"belt": {
					"belt": [
						{ "time": 0 },
						{
							"time": 0.3333,
							"vertices": [ -13.66055, 4.58931, -15.11906, -0.53613, -13.38779, -0.63758, -13.38779, -0.63758, -13.38779, -0.63758, -9.30785, -0.44328, 0, 0, 0, 0, 0, 0, 3.07562, -0.18034, 4.10094, -0.24036, 4.10094, -0.24036, 4.10094, -0.24036, 4.10094, -0.24036, 4.10094, -0.24036, 4.10094, -0.24036, 4.10094, -0.24036, 4.10094, -0.24036, 3.07562, -0.18034, 0, 0, 0, 0, -7.52446, -0.35833, -13.38779, -0.63758, -13.38779, -0.63758, -13.38779, -0.63758, -13.38779, -0.63758 ]
						},
						{
							"time": 0.4333,
							"vertices": [ -0.49098, 2.07255, -1.07439, 0.02237, -0.38188, -0.0182, -0.38188, -0.0182, -0.38188, -0.0182, 1.2501, 0.05952, 2.21036, 0.10525, 0, 0, 0, 0, 0.70806, -3.46064, -7.86138, -6.60242, -15.24883, -4.12261, -19.5402, -0.46342, -20.97069, 2.46893, -20.53199, 13.17462, -17.15821, 13.03643, -13.53803, 10.00184, -5.31675, 6.617, 1.75259, 3.31629, 0, 0, 0, 0, 1.96345, 0.0935, -0.38188, -0.0182, -0.38188, -0.0182, -0.38188, -0.0182, -0.38188, -0.0182 ]
						},
						{
							"time": 0.5,
							"vertices": [ 8.28873, 0.39471, 8.28873, 0.39471, 8.28873, 0.39471, 8.28873, 0.39471, 8.28873, 0.39471, 8.28873, 0.39471, 13.29849, 0.63329, 9.61456, 0.45787, 9.61456, 0.45787, 5.31726, 0.25321, 0, 0, 0, 0, 0, 0, 0, 0, 0, 0, 0, 0, 0, 0, 0, 0, 7.68277, 0.36586, 9.61456, 0.45787, 9.61456, 0.45787, 13.1282, 0.62519, 8.28873, 0.39471, 8.28873, 0.39471, 8.28873, 0.39471, 8.28873, 0.39471 ]
						},
						{ "time": 0.9667 }
					]
				},
				"body": {
					"body": [
						{ "time": 0 },
						{
							"time": 0.3333,
							"vertices": [ 3.59196, -10.66554, 0, 0, 0, 0, 0, 0, -8.27361, -35.29153, 10.65039, -0.38499, 15.41026, -0.55706, 16.51543, 33.03867 ]
						},
						{
							"time": 0.4333,
							"offset": 10,
							"vertices": [ -15.36603, 0.55538, -15.36603, 0.55538, -15.36603, 0.55538 ]
						},
						{
							"time": 0.5333,
							"offset": 10,
							"vertices": [ -8.78059, 0.31736, -8.78059, 0.31736, -32.89248, 11.58347 ]
						},
						{ "time": 0.9667 }
					]
				},
				"groin": {
					"groin": [
						{ "time": 0 },
						{
							"time": 0.3333,
							"vertices": [ 1.30128, 4.60458, 1.30128, 4.60458, 1.30128, 4.60458, 1.32443, 4.68636, 2.31468, 8.1908, 2.31468, 8.1908, 2.31468, 8.1908, 0, 0, 2.31468, 8.1908, 1.32443, 4.68636, 1.30128, 4.60458 ]
						},
						{
							"time": 0.5,
							"vertices": [ -0.0107, 1.56924, 0.86783, 3.0708, 8.9E-4, 0.00318, 0.02403, 0.08496, 0, 0, 0, 0, 0, 0, 0, 0, 0, 0, 1.32443, 4.68636, 1.30128, 4.60458 ]
						},
						{ "time": 0.9667 }
					]
				},
				"leg L": {
					"leg L": [
						{ "time": 0, "curve": "stepped" },
						{ "time": 0.3333 },
						{
							"time": 0.5,
							"vertices": [ 16.39832, 1.74637, 16.49054, -0.13947, 21.08359, 2.24532, 21.20212, -0.17929, 9.60205, 1.02263, 9.65601, -0.0816, 0, 0, 0, 0, 0, 0, 0, 0, 9.60205, 1.02263, 9.65601, -0.0816, 21.08359, 2.24532, 21.20212, -0.17929, 16.39832, 1.74637, 16.49054, -0.13947, 16.49054, -0.13947, 16.49054, -0.13947, 16.39832, 1.74637, 16.49054, -0.13947, 16.39832, 1.74637, 16.49054, -0.13947, 9.60205, 1.02263, 21.20212, -0.17929, 16.49054, -0.13947 ]
						},
						{ "time": 0.9667 }
					]
				},
				"sword_1": {
					"sword_1": [
						{
							"time": 0.4333,
							"vertices": [ -43.65027, 118.05943, -79.13065, 87.53424, -94.98297, 87.93971, -80.28641, 99.89343, -41.09863, 114.86555, 5.53952, 116.67383, 58.64478, 122.86487, 84.96069, 151.51772, 71.96198, 142.54759, 9.10089, 153.92542, -47.15302, 160.87166, -81.47247, 142.08015, -105.36938, 107.27177, -117.92963, 97.38884, -115.20435, 86.40916, -98.83237, 88.22002, -61.17767, 90.30276, -43.65027, 118.05943 ]
						},
						{
							"time": 0.4667,
							"vertices": [ 0.10198, 97.48734, -43.60606, 63.02977, -59.52438, 67.01305, -56.15366, 81.50758, -17.67816, 94.35146, 28.6538, 89.54829, 68.04547, 99.8295, 101.75302, 128.08008, 98.75066, 133.81212, 43.69625, 136.88602, -16.16093, 150.95163, -60.5656, 148.95953, -81.42638, 111.24795, -90.13457, 91.4615, -87.59288, 74.38005, -66.50505, 61.82849, -30.47562, 71.37994, 1.88543, 105.49519 ]
						},
						{
							"time": 0.5333,
							"vertices": [ 65.73611, 46.5621, 5.44463, 23.94802, -17.98161, 36.0841, -25.00089, 55.14802, -3.99825, 102.22315, 20.75663, 143.83563, 51.53542, 138.40948, 100.02621, 165.8555, 99.98915, 166.06378, 55.24921, 175.71616, 11.83163, 159.37506, -25.24833, 148.98029, -34.77103, 85.48788, -41.29761, 73.73416, -29.87239, 49.54272, -5.94563, 33.18937, 32.89987, 37.4964, 71.08646, 70.58569 ]
						}
					]
				}
			}
		}
	},
	"Attack_2": {
		"slots": {
			"sword_1": {
				"attachment": [
					{ "time": 0.4333, "name": "sword_1" },
					{ "time": 0.5667, "name": null }
				]
			}
		},
		"bones": {
			"head": {
				"rotate": [
					{ "time": 0, "angle": 0 },
					{ "time": 0.3333, "angle": -352.57 },
					{ "time": 0.5, "angle": 0, "curve": "stepped" },
					{ "time": 0.9667, "angle": 0 }
				],
				"translate": [
					{ "time": 0, "x": 0, "y": 0 },
					{ "time": 0.3333, "x": 17.1, "y": 10.53 },
					{ "time": 0.5, "x": -7.67, "y": 0.47 },
					{ "time": 0.7333, "x": 5.71, "y": -0.35 },
					{ "time": 0.9667, "x": 0, "y": 0 }
				]
			},
			"hook": {
				"rotate": [
					{ "time": 0, "angle": 0 },
					{ "time": 0.3333, "angle": 40.55 },
					{ "time": 0.4333, "angle": 40.42 },
					{ "time": 0.5, "angle": 11.04 },
					{ "time": 0.9667, "angle": 0 }
				],
				"translate": [
					{ "time": 0, "x": 0, "y": 0 },
					{ "time": 0.3333, "x": -2.66, "y": 22.52 },
					{ "time": 0.4333, "x": -10.73, "y": 24.86 },
					{ "time": 0.5, "x": 0, "y": 0, "curve": "stepped" },
					{ "time": 0.9667, "x": 0, "y": 0 }
				],
				"scale": [
					{ "time": 0, "x": 1, "y": 1, "curve": "stepped" },
					{ "time": 0.5, "x": 1, "y": 1, "curve": "stepped" },
					{ "time": 0.9667, "x": 1, "y": 1 }
				]
			},
			"body": {
				"rotate": [
					{ "time": 0, "angle": 0 },
					{ "time": 0.3333, "angle": 6.08 },
					{ "time": 0.4333, "angle": -6.94 },
					{ "time": 0.9667, "angle": 0 }
				],
				"translate": [
					{ "time": 0, "x": 0, "y": 0 },
					{ "time": 0.3333, "x": -3.87, "y": 27.03 },
					{ "time": 0.4333, "x": -1.82, "y": -21.38 },
					{ "time": 0.9667, "x": 0, "y": 0 }
				]
			},
			"belt": {
				"rotate": [
					{ "time": 0, "angle": 0, "curve": "stepped" },
					{ "time": 0.5, "angle": 0, "curve": "stepped" },
					{ "time": 0.9667, "angle": 0 }
				],
				"translate": [
					{ "time": 0, "x": 0, "y": 0, "curve": "stepped" },
					{ "time": 0.5, "x": 0, "y": 0, "curve": "stepped" },
					{ "time": 0.9667, "x": 0, "y": 0 }
				],
				"scale": [
					{ "time": 0, "x": 1, "y": 1, "curve": "stepped" },
					{ "time": 0.5, "x": 1, "y": 1, "curve": "stepped" },
					{ "time": 0.9667, "x": 1, "y": 1 }
				]
			},
			"boot L": {
				"rotate": [
					{ "time": 0, "angle": 0 },
					{ "time": 0.3333, "angle": 11.86 },
					{ "time": 0.4333, "angle": 5.66 },
					{ "time": 0.9667, "angle": 0 }
				],
				"translate": [
					{ "time": 0, "x": 0, "y": 0, "curve": "stepped" },
					{ "time": 0.4333, "x": 0, "y": 0, "curve": "stepped" },
					{ "time": 0.9667, "x": 0, "y": 0 }
				],
				"scale": [
					{ "time": 0, "x": 1, "y": 1, "curve": "stepped" },
					{ "time": 0.4333, "x": 1, "y": 1, "curve": "stepped" },
					{ "time": 0.9667, "x": 1, "y": 1 }
				]
			},
			"groin": {
				"rotate": [
					{ "time": 0, "angle": 0, "curve": "stepped" },
					{ "time": 0.5, "angle": 0, "curve": "stepped" },
					{ "time": 0.9667, "angle": 0 }
				],
				"translate": [
					{ "time": 0, "x": 0, "y": 0, "curve": "stepped" },
					{ "time": 0.5, "x": 0, "y": 0, "curve": "stepped" },
					{ "time": 0.9667, "x": 0, "y": 0 }
				],
				"scale": [
					{ "time": 0, "x": 1, "y": 1, "curve": "stepped" },
					{ "time": 0.5, "x": 1, "y": 1, "curve": "stepped" },
					{ "time": 0.9667, "x": 1, "y": 1 }
				]
			},
			"boot R": {
				"rotate": [
					{ "time": 0, "angle": 0, "curve": "stepped" },
					{ "time": 0.3333, "angle": 0 },
					{ "time": 0.4333, "angle": -4.7 },
					{ "time": 0.9667, "angle": 0 }
				],
				"translate": [
					{ "time": 0, "x": 0, "y": 0, "curve": "stepped" },
					{ "time": 0.3333, "x": 0, "y": 0, "curve": "stepped" },
					{ "time": 0.4333, "x": 0, "y": 0, "curve": "stepped" },
					{ "time": 0.9667, "x": 0, "y": 0 }
				],
				"scale": [
					{ "time": 0, "x": 1, "y": 1, "curve": "stepped" },
					{ "time": 0.9667, "x": 1, "y": 1 }
				],
				"shear": [
					{ "time": 0, "x": 0, "y": 0, "curve": "stepped" },
					{ "time": 0.9667, "x": 0, "y": 0 }
				]
			},
			"fist": {
				"rotate": [
					{ "time": 0, "angle": 0 },
					{ "time": 0.3333, "angle": -19.53 },
					{ "time": 0.4667, "angle": -19.35 },
					{ "time": 0.5333, "angle": -33.92 },
					{ "time": 0.9667, "angle": 0 }
				],
				"translate": [
					{ "time": 0, "x": 0, "y": 0, "curve": "stepped" },
					{ "time": 0.3333, "x": 0, "y": 0, "curve": "stepped" },
					{ "time": 0.4333, "x": 0, "y": 0, "curve": "stepped" },
					{ "time": 0.4667, "x": 0, "y": 0, "curve": "stepped" },
					{ "time": 0.5333, "x": 0, "y": 0, "curve": "stepped" },
					{ "time": 0.9667, "x": 0, "y": 0 }
				],
				"scale": [
					{ "time": 0, "x": 1, "y": 1, "curve": "stepped" },
					{ "time": 0.5333, "x": 1, "y": 1, "curve": "stepped" },
					{ "time": 0.9667, "x": 1, "y": 1 }
				]
			},
			"earring": {
				"rotate": [
					{ "time": 0, "angle": 0 },
					{ "time": 0.3333, "angle": -14.51 },
					{ "time": 0.4333, "angle": -21.51 },
					{ "time": 0.7, "angle": 18.54 },
					{ "time": 0.9667, "angle": 0 }
				],
				"translate": [
					{ "time": 0, "x": 0, "y": 0, "curve": "stepped" },
					{ "time": 0.7, "x": 0, "y": 0, "curve": "stepped" },
					{ "time": 0.9667, "x": 0, "y": 0 }
				],
				"scale": [
					{ "time": 0, "x": 1, "y": 1, "curve": "stepped" },
					{ "time": 0.7, "x": 1, "y": 1, "curve": "stepped" },
					{ "time": 0.9667, "x": 1, "y": 1 }
				]
			},
			"eyebrow R": {
				"rotate": [
					{ "time": 0, "angle": 0, "curve": "stepped" },
					{ "time": 0.5, "angle": 0, "curve": "stepped" },
					{ "time": 0.6667, "angle": 0, "curve": "stepped" },
					{ "time": 0.9667, "angle": 0 }
				],
				"translate": [
					{ "time": 0, "x": 0, "y": 0 },
					{ "time": 0.3333, "x": -7.44, "y": -0.25 },
					{ "time": 0.5, "x": 6.24, "y": 2.12, "curve": "stepped" },
					{ "time": 0.6667, "x": 6.24, "y": 2.12 },
					{ "time": 0.9667, "x": 0, "y": 0 }
				],
				"scale": [
					{ "time": 0, "x": 1, "y": 1, "curve": "stepped" },
					{ "time": 0.5, "x": 1, "y": 1, "curve": "stepped" },
					{ "time": 0.6667, "x": 1, "y": 1, "curve": "stepped" },
					{ "time": 0.9667, "x": 1, "y": 1 }
				]
			},
			"eyebrow L": {
				"rotate": [
					{ "time": 0, "angle": 0, "curve": "stepped" },
					{ "time": 0.5, "angle": 0, "curve": "stepped" },
					{ "time": 0.6667, "angle": 0, "curve": "stepped" },
					{ "time": 0.9667, "angle": 0 }
				],
				"translate": [
					{ "time": 0, "x": 0, "y": 0 },
					{ "time": 0.3333, "x": -8.51, "y": -0.94 },
					{ "time": 0.5, "x": 5.29, "y": -0.61, "curve": "stepped" },
					{ "time": 0.6667, "x": 5.29, "y": -0.61 },
					{ "time": 0.9667, "x": 0, "y": 0 }
				],
				"scale": [
					{ "time": 0, "x": 1, "y": 1, "curve": "stepped" },
					{ "time": 0.5, "x": 1, "y": 1, "curve": "stepped" },
					{ "time": 0.6667, "x": 1, "y": 1, "curve": "stepped" },
					{ "time": 0.9667, "x": 1, "y": 1 }
				]
			},
			"mustache": {
				"rotate": [
					{ "time": 0, "angle": 0, "curve": "stepped" },
					{ "time": 0.5, "angle": 0, "curve": "stepped" },
					{ "time": 0.9667, "angle": 0 }
				],
				"translate": [
					{ "time": 0, "x": 0, "y": 0 },
					{ "time": 0.3333, "x": -5.57, "y": -0.83 },
					{ "time": 0.5, "x": 5.16, "y": -0.18 },
					{ "time": 0.9667, "x": 0, "y": 0 }
				],
				"scale": [
					{ "time": 0, "x": 1, "y": 1, "curve": "stepped" },
					{ "time": 0.5, "x": 1, "y": 1, "curve": "stepped" },
					{ "time": 0.9667, "x": 1, "y": 1 }
				]
			},
			"lip": {
				"rotate": [
					{ "time": 0, "angle": 0, "curve": "stepped" },
					{ "time": 0.5, "angle": 0, "curve": "stepped" },
					{ "time": 0.9667, "angle": 0 }
				],
				"translate": [
					{ "time": 0, "x": 0, "y": 0 },
					{ "time": 0.3333, "x": 8.42, "y": 1.56 },
					{ "time": 0.5, "x": 0, "y": 0, "curve": "stepped" },
					{ "time": 0.9667, "x": 0, "y": 0 }
				],
				"scale": [
					{ "time": 0, "x": 1, "y": 1, "curve": "stepped" },
					{ "time": 0.5, "x": 1, "y": 1, "curve": "stepped" },
					{ "time": 0.9667, "x": 1, "y": 1 }
				]
			},
			"Pirate": {
				"shear": [
					{ "time": 0, "x": 0, "y": 0 }
				]
			},
			"nose": {
				"rotate": [
					{ "time": 0, "angle": 0, "curve": "stepped" },
					{ "time": 0.5, "angle": 0, "curve": "stepped" },
					{ "time": 0.9667, "angle": 0 }
				],
				"translate": [
					{ "time": 0, "x": 0, "y": 0, "curve": "stepped" },
					{ "time": 0.5, "x": 0, "y": 0, "curve": "stepped" },
					{ "time": 0.9667, "x": 0, "y": 0 }
				],
				"scale": [
					{ "time": 0, "x": 1, "y": 1, "curve": "stepped" },
					{ "time": 0.5, "x": 1, "y": 1, "curve": "stepped" },
					{ "time": 0.9667, "x": 1, "y": 1 }
				]
			},
			"half-closed eye R": {
				"rotate": [
					{ "time": 0, "angle": 0, "curve": "stepped" },
					{ "time": 0.5, "angle": 0, "curve": "stepped" },
					{ "time": 0.9667, "angle": 0 }
				],
				"translate": [
					{ "time": 0, "x": 0, "y": 0, "curve": "stepped" },
					{ "time": 0.5, "x": 0, "y": 0, "curve": "stepped" },
					{ "time": 0.9667, "x": 0, "y": 0 }
				],
				"scale": [
					{ "time": 0, "x": 1, "y": 1, "curve": "stepped" },
					{ "time": 0.5, "x": 1, "y": 1, "curve": "stepped" },
					{ "time": 0.9667, "x": 1, "y": 1 }
				]
			},
			"half-closed eye L": {
				"rotate": [
					{ "time": 0, "angle": 0, "curve": "stepped" },
					{ "time": 0.5, "angle": 0, "curve": "stepped" },
					{ "time": 0.9667, "angle": 0 }
				],
				"translate": [
					{ "time": 0, "x": 0, "y": 0, "curve": "stepped" },
					{ "time": 0.5, "x": 0, "y": 0, "curve": "stepped" },
					{ "time": 0.9667, "x": 0, "y": 0 }
				],
				"scale": [
					{ "time": 0, "x": 1, "y": 1, "curve": "stepped" },
					{ "time": 0.5, "x": 1, "y": 1, "curve": "stepped" },
					{ "time": 0.9667, "x": 1, "y": 1 }
				]
			},
			"pupil R": {
				"rotate": [
					{ "time": 0, "angle": 0, "curve": "stepped" },
					{ "time": 0.5, "angle": 0, "curve": "stepped" },
					{ "time": 0.9667, "angle": 0 }
				],
				"translate": [
					{ "time": 0, "x": 0, "y": 0 },
					{ "time": 0.3333, "x": 7.7, "y": 2.63 },
					{ "time": 0.5, "x": 1.18, "y": 0.16 },
					{ "time": 0.9667, "x": 0, "y": 0 }
				],
				"scale": [
					{ "time": 0, "x": 1, "y": 1, "curve": "stepped" },
					{ "time": 0.5, "x": 1, "y": 1, "curve": "stepped" },
					{ "time": 0.9667, "x": 1, "y": 1 }
				]
			},
			"pupil L": {
				"rotate": [
					{ "time": 0, "angle": 0, "curve": "stepped" },
					{ "time": 0.5, "angle": 0, "curve": "stepped" },
					{ "time": 0.9667, "angle": 0 }
				],
				"translate": [
					{ "time": 0, "x": 0, "y": 0 },
					{ "time": 0.3333, "x": 7.7, "y": 2.63 },
					{ "time": 0.5, "x": 1.18, "y": 0.16 },
					{ "time": 0.9667, "x": 0, "y": 0 }
				],
				"scale": [
					{ "time": 0, "x": 1, "y": 1, "curve": "stepped" },
					{ "time": 0.5, "x": 1, "y": 1, "curve": "stepped" },
					{ "time": 0.9667, "x": 1, "y": 1 }
				]
			},
			"arm R": {
				"rotate": [
					{ "time": 0, "angle": 0 },
					{ "time": 0.3333, "angle": 25.82 },
					{ "time": 0.5, "angle": -22.44 },
					{ "time": 0.9667, "angle": 0 }
				],
				"translate": [
					{ "time": 0, "x": 0, "y": 0 },
					{ "time": 0.3333, "x": -4.19, "y": -29.27 },
					{ "time": 0.5, "x": 0, "y": 0, "curve": "stepped" },
					{ "time": 0.9667, "x": 0, "y": 0 }
				],
				"scale": [
					{ "time": 0, "x": 1, "y": 1, "curve": "stepped" },
					{ "time": 0.5, "x": 1, "y": 1, "curve": "stepped" },
					{ "time": 0.9667, "x": 1, "y": 1 }
				]
			},
			"bone8": {
				"rotate": [
					{ "time": 0, "angle": 0 },
					{ "time": 0.3333, "angle": 46.24 },
					{ "time": 0.4333, "angle": 37.77 },
					{ "time": 0.5, "angle": 14.49 },
					{ "time": 0.7, "angle": -11.59 },
					{ "time": 0.9667, "angle": 0 }
				],
				"translate": [
					{ "time": 0, "x": 0, "y": 0, "curve": "stepped" },
					{ "time": 0.5, "x": 0, "y": 0, "curve": "stepped" },
					{ "time": 0.9667, "x": 0, "y": 0 }
				],
				"scale": [
					{ "time": 0, "x": 1, "y": 1, "curve": "stepped" },
					{ "time": 0.5, "x": 1, "y": 1, "curve": "stepped" },
					{ "time": 0.9667, "x": 1, "y": 1 }
				]
			},
			"arm L": {
				"rotate": [
					{ "time": 0, "angle": 0 },
					{ "time": 0.3333, "angle": 123.67 },
					{ "time": 0.4667, "angle": 12.95 },
					{ "time": 0.5333, "angle": 279.83 },
					{ "time": 0.9667, "angle": 0 }
				],
				"translate": [
					{ "time": 0, "x": 0, "y": 0 },
					{ "time": 0.3333, "x": 6.33, "y": 44.21 },
					{ "time": 0.4333, "x": -3.12, "y": -16.85 },
					{ "time": 0.4667, "x": -2.08, "y": -11.23 },
					{ "time": 0.5333, "x": 0, "y": 0, "curve": "stepped" },
					{ "time": 0.9667, "x": 0, "y": 0 }
				],
				"scale": [
					{ "time": 0, "x": 1, "y": 1, "curve": "stepped" },
					{ "time": 0.5333, "x": 1, "y": 1, "curve": "stepped" },
					{ "time": 0.9667, "x": 1, "y": 1 }
				]
			},
			"bone2": {
				"rotate": [
					{ "time": 0, "angle": 0 },
					{ "time": 0.3333, "angle": 51.96 },
					{ "time": 0.4333, "angle": 51.74 },
					{ "time": 0.4667, "angle": 31.7 },
					{ "time": 0.5333, "angle": 26.52 },
					{ "time": 0.9667, "angle": 0 }
				],
				"translate": [
					{ "time": 0, "x": 0, "y": 0, "curve": "stepped" },
					{ "time": 0.3333, "x": 0, "y": 0, "curve": "stepped" },
					{ "time": 0.4333, "x": 0, "y": 0, "curve": "stepped" },
					{ "time": 0.4667, "x": 0, "y": 0, "curve": "stepped" },
					{ "time": 0.5333, "x": 0, "y": 0, "curve": "stepped" },
					{ "time": 0.9667, "x": 0, "y": 0 }
				],
				"scale": [
					{ "time": 0, "x": 1, "y": 1, "curve": "stepped" },
					{ "time": 0.5333, "x": 1, "y": 1, "curve": "stepped" },
					{ "time": 0.9667, "x": 1, "y": 1 }
				]
			},
			"sword": {
				"rotate": [
					{ "time": 0, "angle": 0 },
					{ "time": 0.3333, "angle": -18.82 },
					{ "time": 0.4333, "angle": -3.01 },
					{ "time": 0.5333, "angle": -5.5 },
					{ "time": 0.9667, "angle": 0 }
				],
				"translate": [
					{ "time": 0, "x": 0, "y": 0, "curve": "stepped" },
					{ "time": 0.5333, "x": 0, "y": 0, "curve": "stepped" },
					{ "time": 0.9667, "x": 0, "y": 0 }
				],
				"scale": [
					{ "time": 0, "x": 1, "y": 1, "curve": "stepped" },
					{ "time": 0.5333, "x": 1, "y": 1, "curve": "stepped" },
					{ "time": 0.9667, "x": 1, "y": 1 }
				]
			},
			"leg R": {
				"rotate": [
					{ "time": 0, "angle": 0 },
					{ "time": 0.3333, "angle": -2.85 },
					{ "time": 0.5667, "angle": 3.28 },
					{ "time": 0.9667, "angle": 0 }
				],
				"translate": [
					{ "time": 0, "x": 0, "y": 0 },
					{ "time": 0.3333, "x": 10.99, "y": -5.84 },
					{ "time": 0.4333, "x": -0.02, "y": -2.38 },
					{ "time": 0.5667, "x": 2.04, "y": -3.08 },
					{ "time": 0.9667, "x": 0, "y": 0 }
				],
				"scale": [
					{ "time": 0, "x": 1, "y": 1, "curve": "stepped" },
					{ "time": 0.9667, "x": 1, "y": 1 }
				]
			},
			"Leg R-2": {
				"rotate": [
					{ "time": 0, "angle": 0 },
					{ "time": 0.3333, "angle": -2.44 },
					{ "time": 0.4333, "angle": -376.73 },
					{ "time": 0.5667, "angle": -387.93 },
					{ "time": 0.9667, "angle": 0 }
				],
				"translate": [
					{ "time": 0, "x": 0, "y": 0 },
					{ "time": 0.3333, "x": -0.74, "y": -3.65 },
					{ "time": 0.4333, "x": 5.64, "y": -4.32 },
					{ "time": 0.5667, "x": 7.05, "y": 1.02 },
					{ "time": 0.9667, "x": 0, "y": 0 }
				],
				"scale": [
					{ "time": 0, "x": 1, "y": 1, "curve": "stepped" },
					{ "time": 0.9667, "x": 1, "y": 1 }
				]
			},
			"leg L": {
				"rotate": [
					{ "time": 0, "angle": 0 },
					{ "time": 0.3333, "angle": 16.36 },
					{ "time": 0.4333, "angle": 9.13 },
					{ "time": 0.9667, "angle": 0 }
				],
				"translate": [
					{ "time": 0, "x": 0, "y": 0 },
					{ "time": 0.4333, "x": -22.35, "y": 3.48 },
					{ "time": 0.9667, "x": 0, "y": 0 }
				],
				"scale": [
					{ "time": 0, "x": 1, "y": 1, "curve": "stepped" },
					{ "time": 0.4333, "x": 1, "y": 1, "curve": "stepped" },
					{ "time": 0.9667, "x": 1, "y": 1 }
				]
			},
			"leg L-2": {
				"rotate": [
					{ "time": 0, "angle": 0 },
					{ "time": 0.3333, "angle": 16.1 },
					{ "time": 0.4333, "angle": -7.2 },
					{ "time": 0.9667, "angle": 0 }
				],
				"translate": [
					{ "time": 0, "x": 0, "y": 0 },
					{ "time": 0.4333, "x": -3.95, "y": 1.34 },
					{ "time": 0.9667, "x": 0, "y": 0 }
				],
				"scale": [
					{ "time": 0, "x": 1, "y": 1, "curve": "stepped" },
					{ "time": 0.4333, "x": 1, "y": 1, "curve": "stepped" },
					{ "time": 0.9667, "x": 1, "y": 1 }
				]
			},
			"bone40": {
				"rotate": [
					{ "time": 0, "angle": 0, "curve": "stepped" },
					{ "time": 0.5, "angle": 0, "curve": "stepped" },
					{ "time": 0.9667, "angle": 0 }
				],
				"translate": [
					{ "time": 0, "x": 0, "y": 0, "curve": "stepped" },
					{ "time": 0.5, "x": 0, "y": 0, "curve": "stepped" },
					{ "time": 0.9667, "x": 0, "y": 0 }
				],
				"scale": [
					{ "time": 0, "x": 1, "y": 1, "curve": "stepped" },
					{ "time": 0.5, "x": 1, "y": 1, "curve": "stepped" },
					{ "time": 0.9667, "x": 1, "y": 1 }
				]
			},
			"bone41": {
				"rotate": [
					{ "time": 0, "angle": 0, "curve": "stepped" },
					{ "time": 0.5, "angle": 0, "curve": "stepped" },
					{ "time": 0.9667, "angle": 0 }
				],
				"translate": [
					{ "time": 0, "x": 0, "y": 0, "curve": "stepped" },
					{ "time": 0.5, "x": 0, "y": 0, "curve": "stepped" },
					{ "time": 0.9667, "x": 0, "y": 0 }
				],
				"scale": [
					{ "time": 0, "x": 1, "y": 1, "curve": "stepped" },
					{ "time": 0.5, "x": 1, "y": 1, "curve": "stepped" },
					{ "time": 0.9667, "x": 1, "y": 1 }
				]
			},
			"bone42": {
				"rotate": [
					{ "time": 0, "angle": 0 },
					{ "time": 0.3333, "angle": 5.1 },
					{ "time": 0.5, "angle": -10.17 },
					{ "time": 0.9667, "angle": 0 }
				],
				"translate": [
					{ "time": 0, "x": 0, "y": 0, "curve": "stepped" },
					{ "time": 0.5, "x": 0, "y": 0, "curve": "stepped" },
					{ "time": 0.9667, "x": 0, "y": 0 }
				],
				"scale": [
					{ "time": 0, "x": 1, "y": 1, "curve": "stepped" },
					{ "time": 0.5, "x": 1, "y": 1, "curve": "stepped" },
					{ "time": 0.9667, "x": 1, "y": 1 }
				]
			},
			"bone43": {
				"rotate": [
					{ "time": 0, "angle": 0, "curve": "stepped" },
					{ "time": 0.5, "angle": 0, "curve": "stepped" },
					{ "time": 0.9667, "angle": 0 }
				],
				"translate": [
					{ "time": 0, "x": 0, "y": 0, "curve": "stepped" },
					{ "time": 0.5, "x": 0, "y": 0, "curve": "stepped" },
					{ "time": 0.9667, "x": 0, "y": 0 }
				],
				"scale": [
					{ "time": 0, "x": 1, "y": 1, "curve": "stepped" },
					{ "time": 0.5, "x": 1, "y": 1, "curve": "stepped" },
					{ "time": 0.9667, "x": 1, "y": 1 }
				]
			},
			"bone44": {
				"rotate": [
					{ "time": 0, "angle": 0, "curve": "stepped" },
					{ "time": 0.5, "angle": 0, "curve": "stepped" },
					{ "time": 0.9667, "angle": 0 }
				],
				"translate": [
					{ "time": 0, "x": 0, "y": 0, "curve": "stepped" },
					{ "time": 0.5, "x": 0, "y": 0, "curve": "stepped" },
					{ "time": 0.9667, "x": 0, "y": 0 }
				],
				"scale": [
					{ "time": 0, "x": 1, "y": 1, "curve": "stepped" },
					{ "time": 0.5, "x": 1, "y": 1, "curve": "stepped" },
					{ "time": 0.9667, "x": 1, "y": 1 }
				]
			},
			"bone45": {
				"rotate": [
					{ "time": 0, "angle": 0 },
					{ "time": 0.3333, "angle": -8.09 },
					{ "time": 0.5, "angle": 8.81 },
					{ "time": 0.9667, "angle": 0 }
				],
				"translate": [
					{ "time": 0, "x": 0, "y": 0, "curve": "stepped" },
					{ "time": 0.5, "x": 0, "y": 0, "curve": "stepped" },
					{ "time": 0.9667, "x": 0, "y": 0 }
				],
				"scale": [
					{ "time": 0, "x": 1, "y": 1, "curve": "stepped" },
					{ "time": 0.5, "x": 1, "y": 1, "curve": "stepped" },
					{ "time": 0.9667, "x": 1, "y": 1 }
				]
			},
			"sword2": {
				"rotate": [
					{ "time": 0.4333, "angle": 0 },
					{ "time": 0.5, "angle": -48.42 },
					{ "time": 0.5333, "angle": -93.01 }
				],
				"translate": [
					{ "time": 0.4333, "x": 0, "y": 0 },
					{ "time": 0.4667, "x": 111.4, "y": -61.67 },
					{ "time": 0.5, "x": 166.25, "y": -154.59 },
					{ "time": 0.5333, "x": 156.23, "y": -334.52 }
				]
			}
		},
		"deform": {
			"default": {
				"belt": {
					"belt": [
						{ "time": 0 },
						{
							"time": 0.3333,
							"vertices": [ -13.66055, 4.58931, -15.11906, -0.53613, -13.38779, -0.63758, -13.38779, -0.63758, -13.38779, -0.63758, -9.30785, -0.44328, 0, 0, 0, 0, 0, 0, 3.07562, -0.18034, 4.10094, -0.24036, 4.10094, -0.24036, 4.10094, -0.24036, 4.10094, -0.24036, 4.10094, -0.24036, 4.10094, -0.24036, 4.10094, -0.24036, 4.10094, -0.24036, 3.07562, -0.18034, 0, 0, 0, 0, -7.52446, -0.35833, -13.38779, -0.63758, -13.38779, -0.63758, -13.38779, -0.63758, -13.38779, -0.63758 ]
						},
						{
							"time": 0.4333,
							"vertices": [ -0.49098, 2.07255, -1.07439, 0.02237, -0.38188, -0.0182, -0.38188, -0.0182, -0.38188, -0.0182, 1.2501, 0.05952, 2.21036, 0.10525, 0, 0, 0, 0, 0.70806, -3.46064, -7.86138, -6.60242, -15.24883, -4.12261, -19.5402, -0.46342, -20.97069, 2.46893, -20.53199, 13.17462, -17.15821, 13.03643, -13.53803, 10.00184, -5.31675, 6.617, 1.75259, 3.31629, 0, 0, 0, 0, 1.96345, 0.0935, -0.38188, -0.0182, -0.38188, -0.0182, -0.38188, -0.0182, -0.38188, -0.0182 ]
						},
						{
							"time": 0.5,
							"vertices": [ 8.28873, 0.39471, 8.28873, 0.39471, 8.28873, 0.39471, 8.28873, 0.39471, 8.28873, 0.39471, 8.28873, 0.39471, 13.29849, 0.63329, 9.61456, 0.45787, 9.61456, 0.45787, 5.31726, 0.25321, 0, 0, 0, 0, 0, 0, 0, 0, 0, 0, 0, 0, 0, 0, 0, 0, 7.68277, 0.36586, 9.61456, 0.45787, 9.61456, 0.45787, 13.1282, 0.62519, 8.28873, 0.39471, 8.28873, 0.39471, 8.28873, 0.39471, 8.28873, 0.39471 ]
						},
						{ "time": 0.9667 }
					]
				},
				"body": {
					"body": [
						{ "time": 0 },
						{
							"time": 0.3333,
							"vertices": [ 3.59196, -10.66554, 0, 0, 0, 0, 0, 0, -8.27361, -35.29153, 10.65039, -0.38499, 15.41026, -0.55706, 16.51543, 33.03867 ]
						},
						{
							"time": 0.4333,
							"offset": 10,
							"vertices": [ -15.36603, 0.55538, -15.36603, 0.55538, -15.36603, 0.55538 ]
						},
						{
							"time": 0.5333,
							"offset": 10,
							"vertices": [ -8.78059, 0.31736, -8.78059, 0.31736, -32.89248, 11.58347 ]
						},
						{ "time": 0.9667 }
					]
				},
				"groin": {
					"groin": [
						{ "time": 0 },
						{
							"time": 0.3333,
							"vertices": [ 1.30128, 4.60458, 1.30128, 4.60458, 1.30128, 4.60458, 1.32443, 4.68636, 2.31468, 8.1908, 2.31468, 8.1908, 2.31468, 8.1908, 0, 0, 2.31468, 8.1908, 1.32443, 4.68636, 1.30128, 4.60458 ]
						},
						{
							"time": 0.5,
							"vertices": [ -0.0107, 1.56924, 0.86783, 3.0708, 8.9E-4, 0.00318, 0.02403, 0.08496, 0, 0, 0, 0, 0, 0, 0, 0, 0, 0, 1.32443, 4.68636, 1.30128, 4.60458 ]
						},
						{ "time": 0.9667 }
					]
				},
				"leg L": {
					"leg L": [
						{ "time": 0, "curve": "stepped" },
						{ "time": 0.3333 },
						{
							"time": 0.5,
							"vertices": [ 16.39832, 1.74637, 16.49054, -0.13947, 21.08359, 2.24532, 21.20212, -0.17929, 9.60205, 1.02263, 9.65601, -0.0816, 0, 0, 0, 0, 0, 0, 0, 0, 9.60205, 1.02263, 9.65601, -0.0816, 21.08359, 2.24532, 21.20212, -0.17929, 16.39832, 1.74637, 16.49054, -0.13947, 16.49054, -0.13947, 16.49054, -0.13947, 16.39832, 1.74637, 16.49054, -0.13947, 16.39832, 1.74637, 16.49054, -0.13947, 9.60205, 1.02263, 21.20212, -0.17929, 16.49054, -0.13947 ]
						},
						{ "time": 0.9667 }
					]
				},
				"sword_1": {
					"sword_1": [
						{
							"time": 0.4333,
							"vertices": [ -59.91364, 110.72319, -41.58594, 91.5824, -35.30975, 93.46358, -14.30054, 34.78049, 5.20038, 46.22346, 16.64044, 52.3053, 24.18286, 44.84006, 21.46802, 38.94402, 16.72223, 68.14159, -7.69354, 79.96484, -29.31244, 88.62282, -43.53113, 68.47121, -46.38428, 44.98387, -46.19507, 66.17989, -55.53113, 91.93303, -61.28766, 92.26817, -54.74005, 93.46332, -59.91364, 110.72319 ]
						},
						{
							"time": 0.5,
							"vertices": [ 15.84802, 17.96991, 30.11547, 23.04925, 38.08385, 25.54998, 42.21813, -8.93966, 40.22953, -0.86147, 38.87043, 3.26542, 36.6841, 3.68105, 32.03226, 4.45437, 31.83177, 8.74727, 25.3667, 7.65664, 21.59839, 5.81409, 20.78909, -2.1081, 31.31359, 1.46512, 33.62307, 18.04593, 25.24871, 37.04342, 18.72509, 32.29063, 15.63208, 26.01157, 13.96844, 18.17938 ]
						},
						{
							"time": 0.5333,
							"vertices": [ 127.51401, -18.07608, 100.11778, -23.71149, 73.87291, -24.15485, 42.74841, -19.862, 6.21898, -26.05353, -8.12486, -17.09003, -19.42735, -6.72406, -28.48174, 1.7431, -29.72519, -13.95258, -28.43889, -31.16641, -17.51501, -39.12213, -1.85724, -52.70731, 23.18216, -60.1893, 42.0173, -64.91156, 70.21941, -65.02045, 99.12282, -58.89749, 121.006, -42.50705, 132.9947, -20.38123 ]
						}
					]
				}
			}
		}
	},
	"Idle": {
		"bones": {
			"head": {
				"rotate": [
					{ "time": 0, "angle": 0 },
					{ "time": 0.6667, "angle": 2.16 },
					{ "time": 1.1333, "angle": 0.14 }
				],
				"translate": [
					{ "time": 0, "x": 0, "y": 0, "curve": "stepped" },
					{ "time": 1.1333, "x": 0, "y": 0 }
				]
			},
			"hook": {
				"rotate": [
					{ "time": 0, "angle": 0, "curve": "stepped" },
					{ "time": 1.1333, "angle": 0 }
				],
				"translate": [
					{ "time": 0, "x": 0, "y": 0, "curve": "stepped" },
					{ "time": 1.1333, "x": 0, "y": 0 }
				],
				"scale": [
					{ "time": 0, "x": 1, "y": 1 }
				]
			},
			"body": {
				"rotate": [
					{ "time": 0, "angle": 0, "curve": "stepped" },
					{ "time": 1.1333, "angle": 0 }
				],
				"translate": [
					{
						"time": 0,
						"x": 0,
						"y": 0,
						"curve": [ 0.25, 0, 0.75, 1 ]
					},
					{
						"time": 0.6667,
						"x": -0.37,
						"y": 10.24,
						"curve": [ 0.246, 0, 0.723, 0.88 ]
					},
					{ "time": 1.1333, "x": -0.01, "y": 0.23 }
				]
			},
			"belt": {
				"rotate": [
					{ "time": 0, "angle": 0, "curve": "stepped" },
					{ "time": 1.1333, "angle": 0 }
				],
				"translate": [
					{ "time": 0, "x": 0, "y": 0 },
					{ "time": 0.6667, "x": -0.64, "y": -7.66 },
					{ "time": 1.1333, "x": -0.04, "y": -0.51 }
				],
				"scale": [
					{ "time": 0, "x": 1, "y": 1 }
				]
			},
			"boot L": {
				"rotate": [
					{ "time": 0, "angle": 0, "curve": "stepped" },
					{ "time": 1.1333, "angle": 0 }
				],
				"translate": [
					{ "time": 0, "x": 0, "y": 0, "curve": "stepped" },
					{ "time": 1.1333, "x": 0, "y": 0 }
				],
				"scale": [
					{ "time": 0, "x": 1, "y": 1 }
				]
			},
			"groin": {
				"rotate": [
					{ "time": 0, "angle": 0, "curve": "stepped" },
					{ "time": 1.1333, "angle": 0 }
				],
				"translate": [
					{ "time": 0, "x": 0, "y": 0, "curve": "stepped" },
					{ "time": 1.1333, "x": 0, "y": 0 }
				],
				"scale": [
					{ "time": 0, "x": 1, "y": 1 }
				]
			},
			"boot R": {
				"rotate": [
					{ "time": 0, "angle": 0, "curve": "stepped" },
					{ "time": 1.1333, "angle": 0 }
				],
				"translate": [
					{ "time": 0, "x": 0, "y": 0, "curve": "stepped" },
					{ "time": 1.1333, "x": 0, "y": 0 }
				],
				"scale": [
					{ "time": 0, "x": 1, "y": 1 }
				],
				"shear": [
					{ "time": 0, "x": 0, "y": 0 }
				]
			},
			"fist": {
				"rotate": [
					{ "time": 0, "angle": 0, "curve": "stepped" },
					{ "time": 1.1333, "angle": 0 }
				],
				"translate": [
					{ "time": 0, "x": 0, "y": 0, "curve": "stepped" },
					{ "time": 1.1333, "x": 0, "y": 0 }
				],
				"scale": [
					{ "time": 0, "x": 1, "y": 1 }
				]
			},
			"earring": {
				"rotate": [
					{ "time": 0, "angle": 0, "curve": "stepped" },
					{ "time": 1.1333, "angle": 0 }
				],
				"translate": [
					{ "time": 0, "x": 0, "y": 0, "curve": "stepped" },
					{ "time": 1.1333, "x": 0, "y": 0 }
				],
				"scale": [
					{ "time": 0, "x": 1, "y": 1 }
				]
			},
			"eyebrow R": {
				"rotate": [
					{ "time": 0, "angle": 0, "curve": "stepped" },
					{ "time": 1.1333, "angle": 0 }
				],
				"translate": [
					{ "time": 0, "x": 0, "y": 0, "curve": "stepped" },
					{ "time": 1.1333, "x": 0, "y": 0 }
				],
				"scale": [
					{ "time": 0, "x": 1, "y": 1 }
				]
			},
			"eyebrow L": {
				"rotate": [
					{ "time": 0, "angle": 0, "curve": "stepped" },
					{ "time": 1.1333, "angle": 0 }
				],
				"translate": [
					{ "time": 0, "x": 0, "y": 0, "curve": "stepped" },
					{ "time": 1.1333, "x": 0, "y": 0 }
				],
				"scale": [
					{ "time": 0, "x": 1, "y": 1 }
				]
			},
			"mustache": {
				"rotate": [
					{ "time": 0, "angle": 0, "curve": "stepped" },
					{ "time": 1.1333, "angle": 0 }
				],
				"translate": [
					{ "time": 0, "x": 0, "y": 0, "curve": "stepped" },
					{ "time": 1.1333, "x": 0, "y": 0 }
				],
				"scale": [
					{ "time": 0, "x": 1, "y": 1 }
				]
			},
			"lip": {
				"rotate": [
					{ "time": 0, "angle": 0, "curve": "stepped" },
					{ "time": 1.1333, "angle": 0 }
				],
				"translate": [
					{ "time": 0, "x": 0, "y": 0, "curve": "stepped" },
					{ "time": 1.1333, "x": 0, "y": 0 }
				],
				"scale": [
					{ "time": 0, "x": 1, "y": 1 }
				]
			},
			"Pirate": {
				"shear": [
					{ "time": 0, "x": 0, "y": 0 }
				]
			},
			"nose": {
				"rotate": [
					{ "time": 0, "angle": 0, "curve": "stepped" },
					{ "time": 1.1333, "angle": 0 }
				],
				"translate": [
					{ "time": 0, "x": 0, "y": 0, "curve": "stepped" },
					{ "time": 1.1333, "x": 0, "y": 0 }
				],
				"scale": [
					{ "time": 0, "x": 1, "y": 1 }
				]
			},
			"half-closed eye R": {
				"rotate": [
					{ "time": 0, "angle": 0, "curve": "stepped" },
					{ "time": 1.1333, "angle": 0 }
				],
				"translate": [
					{ "time": 0, "x": 0, "y": 0, "curve": "stepped" },
					{ "time": 1.1333, "x": 0, "y": 0 }
				],
				"scale": [
					{ "time": 0, "x": 1, "y": 1 }
				]
			},
			"half-closed eye L": {
				"rotate": [
					{ "time": 0, "angle": 0, "curve": "stepped" },
					{ "time": 1.1333, "angle": 0 }
				],
				"translate": [
					{ "time": 0, "x": 0, "y": 0, "curve": "stepped" },
					{ "time": 1.1333, "x": 0, "y": 0 }
				],
				"scale": [
					{ "time": 0, "x": 1, "y": 1 }
				]
			},
			"pupil R": {
				"rotate": [
					{ "time": 0, "angle": 0, "curve": "stepped" },
					{ "time": 1.1333, "angle": 0 }
				],
				"translate": [
					{ "time": 0, "x": 0, "y": 0, "curve": "stepped" },
					{ "time": 1.1333, "x": 0, "y": 0 }
				],
				"scale": [
					{ "time": 0, "x": 1, "y": 1 }
				]
			},
			"pupil L": {
				"rotate": [
					{ "time": 0, "angle": 0, "curve": "stepped" },
					{ "time": 1.1333, "angle": 0 }
				],
				"translate": [
					{ "time": 0, "x": 0, "y": 0, "curve": "stepped" },
					{ "time": 1.1333, "x": 0, "y": 0 }
				],
				"scale": [
					{ "time": 0, "x": 1, "y": 1 }
				]
			},
			"arm R": {
				"rotate": [
					{ "time": 0, "angle": 0, "curve": "stepped" },
					{ "time": 1.1333, "angle": 0 }
				],
				"translate": [
					{
						"time": 0,
						"x": 0,
						"y": 0,
						"curve": [ 0.25, 0, 0.75, 1 ]
					},
					{
						"time": 0.6667,
						"x": 2.03,
						"y": 8.53,
						"curve": [ 0.246, 0, 0.723, 0.88 ]
					},
					{ "time": 1.1333, "x": 0.05, "y": 0.19 }
				],
				"scale": [
					{ "time": 0, "x": 1, "y": 1 }
				]
			},
			"bone8": {
				"rotate": [
					{ "time": 0, "angle": 0 },
					{
						"time": 0.3333,
						"angle": 5.78,
						"curve": [ 0.25, 0, 0.75, 1 ]
					},
					{
						"time": 0.8333,
						"angle": -0.49,
						"curve": [ 0.245, 0, 0.711, 0.83 ]
					},
					{ "time": 1.1333, "angle": -0.02 }
				],
				"translate": [
					{ "time": 0, "x": 0, "y": 0, "curve": "stepped" },
					{ "time": 1.1333, "x": 0, "y": 0 }
				],
				"scale": [
					{ "time": 0, "x": 1, "y": 1 }
				]
			},
			"arm L": {
				"rotate": [
					{ "time": 0, "angle": 0, "curve": "stepped" },
					{ "time": 1.1333, "angle": 0 }
				],
				"translate": [
					{ "time": 0, "x": 0, "y": 0 },
					{ "time": 0.6667, "x": -0.12, "y": -3.44 },
					{ "time": 1.1333, "x": -0.01, "y": -0.23 }
				],
				"scale": [
					{ "time": 0, "x": 1, "y": 1 }
				]
			},
			"bone2": {
				"rotate": [
					{ "time": 0, "angle": 0 },
					{ "time": 0.3333, "angle": -3.57 },
					{ "time": 0.8333, "angle": 1.12 },
					{ "time": 1.1333, "angle": 0.11 }
				],
				"translate": [
					{ "time": 0, "x": 0, "y": 0, "curve": "stepped" },
					{ "time": 1.1333, "x": 0, "y": 0 }
				],
				"scale": [
					{ "time": 0, "x": 1, "y": 1 }
				]
			},
			"sword": {
				"rotate": [
					{ "time": 0, "angle": 0, "curve": "stepped" },
					{ "time": 1.1333, "angle": 0 }
				],
				"translate": [
					{ "time": 0, "x": 0, "y": 0, "curve": "stepped" },
					{ "time": 1.1333, "x": 0, "y": 0 }
				],
				"scale": [
					{ "time": 0, "x": 1, "y": 1 }
				]
			},
			"leg R": {
				"rotate": [
					{ "time": 0, "angle": 0, "curve": "stepped" },
					{ "time": 1.1333, "angle": 0 }
				],
				"translate": [
					{ "time": 0, "x": 0, "y": 0, "curve": "stepped" },
					{ "time": 1.1333, "x": 0, "y": 0 }
				],
				"scale": [
					{ "time": 0, "x": 1, "y": 1 }
				]
			},
			"Leg R-2": {
				"rotate": [
					{ "time": 0, "angle": 0, "curve": "stepped" },
					{ "time": 1.1333, "angle": 0 }
				],
				"translate": [
					{ "time": 0, "x": 0, "y": 0 },
					{ "time": 0.6667, "x": 8.76, "y": -0.33 },
					{ "time": 1.1333, "x": 0.58, "y": -0.02 }
				],
				"scale": [
					{ "time": 0, "x": 1, "y": 1 }
				]
			},
			"leg L": {
				"rotate": [
					{ "time": 0, "angle": 0, "curve": "stepped" },
					{ "time": 1.1333, "angle": 0 }
				],
				"translate": [
					{ "time": 0, "x": 0, "y": 0, "curve": "stepped" },
					{ "time": 1.1333, "x": 0, "y": 0 }
				],
				"scale": [
					{ "time": 0, "x": 1, "y": 1 }
				]
			},
			"leg L-2": {
				"rotate": [
					{ "time": 0, "angle": 0, "curve": "stepped" },
					{ "time": 1.1333, "angle": 0 }
				],
				"translate": [
					{ "time": 0, "x": 0, "y": 0 },
					{ "time": 0.6667, "x": 10.36, "y": 0.12 },
					{ "time": 1.1333, "x": 0.69, "y": 0.01 }
				],
				"scale": [
					{ "time": 0, "x": 1, "y": 1 }
				]
			},
			"bone40": {
				"rotate": [
					{ "time": 0, "angle": 0, "curve": "stepped" },
					{ "time": 1.1333, "angle": 0 }
				],
				"translate": [
					{ "time": 0, "x": 0, "y": 0, "curve": "stepped" },
					{ "time": 1.1333, "x": 0, "y": 0 }
				],
				"scale": [
					{ "time": 0, "x": 1, "y": 1 }
				]
			},
			"bone41": {
				"rotate": [
					{ "time": 0, "angle": 0, "curve": "stepped" },
					{ "time": 1.1333, "angle": 0 }
				],
				"translate": [
					{ "time": 0, "x": 0, "y": 0, "curve": "stepped" },
					{ "time": 1.1333, "x": 0, "y": 0 }
				],
				"scale": [
					{ "time": 0, "x": 1, "y": 1 }
				]
			},
			"bone42": {
				"rotate": [
					{ "time": 0, "angle": 0, "curve": "stepped" },
					{ "time": 1.1333, "angle": 0 }
				],
				"translate": [
					{ "time": 0, "x": 0, "y": 0, "curve": "stepped" },
					{ "time": 1.1333, "x": 0, "y": 0 }
				],
				"scale": [
					{ "time": 0, "x": 1, "y": 1 }
				]
			},
			"bone43": {
				"rotate": [
					{ "time": 0, "angle": 0, "curve": "stepped" },
					{ "time": 1.1333, "angle": 0 }
				],
				"translate": [
					{ "time": 0, "x": 0, "y": 0, "curve": "stepped" },
					{ "time": 1.1333, "x": 0, "y": 0 }
				],
				"scale": [
					{ "time": 0, "x": 1, "y": 1 }
				]
			},
			"bone44": {
				"rotate": [
					{ "time": 0, "angle": 0, "curve": "stepped" },
					{ "time": 1.1333, "angle": 0 }
				],
				"translate": [
					{ "time": 0, "x": 0, "y": 0, "curve": "stepped" },
					{ "time": 1.1333, "x": 0, "y": 0 }
				],
				"scale": [
					{ "time": 0, "x": 1, "y": 1 }
				]
			},
			"bone45": {
				"rotate": [
					{ "time": 0, "angle": 0, "curve": "stepped" },
					{ "time": 1.1333, "angle": 0 }
				],
				"translate": [
					{ "time": 0, "x": 0, "y": 0, "curve": "stepped" },
					{ "time": 1.1333, "x": 0, "y": 0 }
				],
				"scale": [
					{ "time": 0, "x": 1, "y": 1 }
				]
			},
			"sword2": {
				"rotate": [
					{ "time": 1.1333, "angle": 0 }
				],
				"translate": [
					{ "time": 1.1333, "x": 0, "y": 0 }
				]
			}
		},
		"deform": {
			"default": {
				"belt": {
					"belt": [
						{ "time": 0 }
					]
				},
				"body": {
					"body": [
						{
							"time": 0,
							"curve": [ 0.25, 0, 0.75, 1 ]
						},
						{
							"time": 0.6667,
							"vertices": [ -0.18683, -5.16864, 0, 0, 0, 0, 0.37366, 10.33723, 0.37366, 10.33723, 0, 0, 0, 0, -0.18683, -5.16864 ],
							"curve": [ 0.246, 0, 0.723, 0.88 ]
						},
						{
							"time": 1.1333,
							"offset": 1,
							"vertices": [ -0.11766, 0, 0, 0, 0, 0.00851, 0.23532, 0.00851, 0.23532, 0, 0, 0, 0, -0.00425, -0.11766 ]
						}
					]
				},
				"groin": {
					"groin": [
						{ "time": 0 }
					]
				},
				"leg L": {
					"leg L": [
						{ "time": 0 }
					]
				}
			}
		}
	},
	"Walk": {
		"bones": {
			"Leg R-2": {
				"rotate": [
					{ "time": 0, "angle": -380.85 },
					{ "time": 0.1667, "angle": -409.28 },
					{ "time": 0.3333, "angle": -398.2 },
					{ "time": 0.5, "angle": -355.31 },
					{ "time": 0.6667, "angle": -377.09 },
					{ "time": 0.8333, "angle": -356.7 },
					{ "time": 1, "angle": -380.85 }
				],
				"translate": [
					{ "time": 0, "x": 0, "y": 0, "curve": "stepped" },
					{ "time": 0.1667, "x": 0, "y": 0 },
					{ "time": 0.5, "x": 26.11, "y": 1.16 },
					{ "time": 0.6667, "x": 2.69, "y": 5.91 },
					{ "time": 1, "x": 0, "y": 0 }
				]
			},
			"boot R": {
				"rotate": [
					{ "time": 0, "angle": -24.53 },
					{ "time": 0.1667, "angle": -70.41 },
					{ "time": 0.5, "angle": 3.24 },
					{ "time": 0.6667, "angle": -10.56 },
					{ "time": 0.8333, "angle": -28.08 },
					{ "time": 1, "angle": -24.53 }
				],
				"translate": [
					{ "time": 0, "x": 10.59, "y": -24.9 },
					{ "time": 0.1667, "x": -15.37, "y": -50.15 },
					{ "time": 0.5, "x": 17.72, "y": 18.83 },
					{ "time": 0.6667, "x": -3.05, "y": 0.19 },
					{ "time": 0.8333, "x": 2.33, "y": -34.05 },
					{ "time": 1, "x": 10.59, "y": -24.9 }
				],
				"scale": [
					{ "time": 0, "x": 1, "y": 1 },
					{ "time": 0.6667, "x": 1, "y": 1.105 },
					{ "time": 1, "x": 1, "y": 1 }
				]
			},
			"bone8": {
				"rotate": [
					{ "time": 0, "angle": 67.23 },
					{
						"time": 0.5,
						"angle": -21.65,
						"curve": [ 0.369, 0.44, 0.549, 0.93 ]
					},
					{ "time": 1, "angle": 68.28 }
				]
			},
			"hook": {
				"rotate": [
					{
						"time": 0,
						"angle": 38.96,
						"curve": [ 0.356, 0.03, 0.918, 0.7 ]
					},
					{
						"time": 0.5,
						"angle": 0.98,
						"curve": [ 0.25, 0, 0.783, 0.61 ]
					},
					{ "time": 1, "angle": 38.96 }
				],
				"translate": [
					{
						"time": 0,
						"x": -1.53,
						"y": 8.82,
						"curve": [ 0.61, 0.19, 0.758, 0.51 ]
					},
					{ "time": 0.5, "x": -0.82, "y": -2.28 },
					{ "time": 1, "x": -1.53, "y": 8.82 }
				]
			},
			"arm R": {
				"rotate": [
					{ "time": 0, "angle": 7.36 },
					{ "time": 0.5, "angle": -6.35 },
					{ "time": 1, "angle": 7.36 }
				],
				"translate": [
					{ "time": 0, "x": 9.18, "y": -4.58 },
					{ "time": 0.1667, "x": -1.85, "y": -4.18 },
					{ "time": 0.5, "x": 12.57, "y": -4.7 },
					{ "time": 0.6667, "x": -2.7, "y": -4.15 },
					{ "time": 1, "x": 9.18, "y": -4.58 }
				]
			},
			"leg L": {
				"rotate": [
					{ "time": 0, "angle": 3.23 },
					{ "time": 0.1667, "angle": -11.85 },
					{ "time": 0.5, "angle": -45.33 },
					{ "time": 0.6667, "angle": -38.49 },
					{ "time": 0.8333, "angle": -20.55 },
					{ "time": 1, "angle": 5.4 }
				],
				"translate": [
					{ "time": 0, "x": 8.73, "y": 10.28 },
					{ "time": 0.1667, "x": 1.4, "y": -8.5 },
					{ "time": 0.5, "x": -12.19, "y": -37.98 },
					{ "time": 0.6667, "x": -10.23, "y": -2.79 },
					{ "time": 0.8333, "x": -3.97, "y": 11.83 },
					{ "time": 1, "x": 8.73, "y": 10.28 }
				]
			},
			"leg L-2": {
				"rotate": [
					{ "time": 0, "angle": 365.4 },
					{ "time": 0.1667, "angle": -13.76 },
					{ "time": 0.5, "angle": -18.8 },
					{ "time": 0.6667, "angle": -20.2 },
					{ "time": 0.8333, "angle": -36.07 },
					{ "time": 1, "angle": 365.4 }
				]
			},
			"boot L": {
				"rotate": [
					{ "time": 0, "angle": 26.45 },
					{ "time": 0.1667, "angle": 24.3 },
					{ "time": 0.5, "angle": 6.37 },
					{ "time": 0.6667, "angle": -39.27 },
					{ "time": 0.8333, "angle": 8.81 },
					{ "time": 1, "angle": 26.45 }
				],
				"translate": [
					{ "time": 0, "x": 5.22, "y": 7.99 },
					{ "time": 0.1667, "x": -16.03, "y": 1.34 },
					{ "time": 0.5, "x": 6.91, "y": -11.73 },
					{ "time": 0.6667, "x": -5.48, "y": -2.54 },
					{ "time": 0.8333, "x": -1.92, "y": 5.66 },
					{ "time": 1, "x": 5.22, "y": 7.99 }
				],
				"scale": [
					{ "time": 0, "x": 1, "y": 1 },
					{ "time": 0.1667, "x": 1, "y": 1.075 },
					{ "time": 1, "x": 1, "y": 1 }
				]
			},
			"leg R": {
				"rotate": [
					{ "time": 0, "angle": -2.63 },
					{ "time": 0.1667, "angle": 34.71 },
					{ "time": 0.5, "angle": 41.83 },
					{ "time": 0.6667, "angle": 28.85 },
					{ "time": 0.8333, "angle": 4.8 },
					{ "time": 1, "angle": -5.89 }
				],
				"translate": [
					{ "time": 0, "x": -5.17, "y": -23.37 },
					{ "time": 0.1667, "x": -2.87, "y": 12.19 },
					{ "time": 0.5, "x": -6.22, "y": 11.81 },
					{ "time": 0.6667, "x": 6.1, "y": 36.58 },
					{ "time": 1, "x": -5.17, "y": -23.37 }
				]
			},
			"body": {
				"translate": [
					{ "time": 0, "x": 0, "y": 35.88 },
					{ "time": 0.1667, "x": 0, "y": -9.72 },
					{ "time": 0.5, "x": -0.36, "y": 38.83 },
					{ "time": 0.6667, "x": 0, "y": -9.72 },
					{ "time": 1, "x": 0.05, "y": 34.49 }
				]
			},
			"arm L": {
				"rotate": [
					{ "time": 0, "angle": 327.08 },
					{
						"time": 0.5,
						"angle": 18.81,
						"curve": [ 0.322, 0.2, 0.682, 0.83 ]
					},
					{ "time": 1, "angle": 327.08 }
				]
			},
			"bone42": {
				"rotate": [
					{ "time": 0, "angle": 12.91 },
					{ "time": 0.1667, "angle": 0.26 },
					{ "time": 0.5, "angle": 12.91 },
					{ "time": 0.6667, "angle": 2.98 },
					{ "time": 1, "angle": 12.91 }
				]
			},
			"bone45": {
				"rotate": [
					{ "time": 0, "angle": -10.89 },
					{ "time": 0.1667, "angle": 5.23 },
					{ "time": 0.5, "angle": -10.89 },
					{ "time": 0.6667, "angle": 8.63 },
					{ "time": 1, "angle": -10.89 }
				]
			},
			"earring": {
				"rotate": [
					{ "time": 0, "angle": 17.25 },
					{ "time": 0.1333, "angle": -7.17 },
					{ "time": 0.2667, "angle": -22.63 },
					{ "time": 0.4333, "angle": -4.03 },
					{ "time": 0.5667, "angle": 16.47 },
					{ "time": 0.7, "angle": 1.15 },
					{ "time": 0.8333, "angle": -21.56 },
					{ "time": 1, "angle": 17.25 }
				],
				"translate": [
					{ "time": 0, "x": -39.39, "y": -0.97 }
				]
			},
			"head": {
				"translate": [
					{ "time": 0, "x": -26.9, "y": 0.97 },
					{ "time": 0.1667, "x": -36.15, "y": 1.53 },
					{ "time": 0.3333, "x": -42.79, "y": 1.94 },
					{ "time": 0.5, "x": -26.9, "y": 0.97 },
					{ "time": 0.6667, "x": -36.15, "y": 1.53 },
					{ "time": 0.8333, "x": -42.79, "y": 1.94 },
					{ "time": 1, "x": -26.9, "y": 0.97 }
				]
			},
			"nose": {
				"translate": [
					{ "time": 0, "x": -39.39, "y": -0.97 }
				]
			},
			"mustache": {
				"translate": [
					{ "time": 0, "x": -38.61, "y": -1.71 },
					{ "time": 0.1667, "x": -41.67, "y": -1.79 },
					{ "time": 0.5, "x": -38.61, "y": -1.71 },
					{ "time": 0.6667, "x": -41.67, "y": -1.79 },
					{ "time": 1, "x": -38.61, "y": -1.71 }
				]
			},
			"lip": {
				"translate": [
					{ "time": 0, "x": -39.39, "y": -0.97 }
				]
			},
			"half-closed eye R": {
				"translate": [
					{ "time": 0, "x": -39.39, "y": -0.97 }
				]
			},
			"half-closed eye L": {
				"translate": [
					{ "time": 0, "x": -39.39, "y": -0.97 }
				]
			},
			"pupil R": {
				"translate": [
					{ "time": 0, "x": -39.39, "y": -0.97 }
				]
			},
			"pupil L": {
				"translate": [
					{ "time": 0, "x": -39.39, "y": -0.97 }
				]
			},
			"eyebrow R": {
				"translate": [
					{ "time": 0, "x": -39.39, "y": -0.97 }
				]
			},
			"eyebrow L": {
				"translate": [
					{ "time": 0, "x": -39.39, "y": -0.97 }
				]
			},
			"bone40": {
				"translate": [
					{ "time": 0, "x": -39.39, "y": -0.97 }
				]
			},
			"bone43": {
				"translate": [
					{ "time": 0, "x": -39.39, "y": -0.97 }
				]
			},
			"belt": {
				"translate": [
					{ "time": 0, "x": 0, "y": 0 },
					{ "time": 0.1667, "x": -8.14, "y": 0.68 },
					{ "time": 0.5, "x": 0.89, "y": 0.36 },
					{ "time": 0.6667, "x": -8.14, "y": 0.68 },
					{ "time": 1, "x": 0, "y": 0 }
				],
				"scale": [
					{ "time": 0, "x": 1, "y": 1 },
					{ "time": 0.1667, "x": 0.919, "y": 1 },
					{ "time": 0.5, "x": 0.937, "y": 1 },
					{ "time": 0.6667, "x": 0.919, "y": 1 },
					{ "time": 1, "x": 1, "y": 1 }
				]
			},
			"bone2": {
				"rotate": [
					{ "time": 0, "angle": 0 },
					{ "time": 0.1667, "angle": -5.21 },
					{ "time": 0.5, "angle": 0 },
					{ "time": 0.6667, "angle": 16.95 },
					{ "time": 1, "angle": 0 }
				]
			}
		},
		"deform": {
			"default": {
				"belt": {
					"belt": [
						{
							"time": 0,
							"vertices": [ 0.28397, -5.96323, 0.08519, -1.78894 ]
						},
						{
							"time": 0.1667,
							"vertices": [ -0.28407, 5.97191, -0.28407, 5.97191, -0.31236, 6.56588, 0, 0, 0, 0, 0, 0, 0, 0, 0, 0, 0, 0, 0, 0, 0, 0, 0, 0, 0, 0, 0, 0, 0, 0, 0, 0, 0, 0, 0, 0, 0, 0, 0, 0, 0, 0, 0, 0, 0, 0, 0, 0, 0, 0, -0.31236, 6.56588 ]
						},
						{
							"time": 0.5,
							"vertices": [ 1.9476, -8.81518, 7.48125, -19.34435, 9.215, -23.95218 ]
						},
						{
							"time": 0.6667,
							"vertices": [ 0.74284, 4.85706, 4.43194, -2.16239, 5.58777, -5.23428, 0, 0, 0, 0, 0, 0, 0, 0, 0, 0, 0, 0, 0, 0, 0, 0, 0, 0, 0, 0, 0, 0, 0, 0, 0, 0, 0, 0, 0, 0, 0, 0, 0, 0, 0, 0, 0, 0, 0, 0, 0, 0, 0, 0, -0.55556, 10.73384 ]
						},
						{
							"time": 1,
							"vertices": [ 0.28397, -5.96323, 0.08519, -1.78894 ]
						}
					]
				},
				"body": {
					"body": [
						{
							"time": 0,
							"vertices": [ -0.5309, 11.28267, 0, 0, 0, 0, -1.14072, -5.59042, 11.34123, -6.04146, 16.18141, -1.83459, 16.18141, -1.83459, 11.95105, 10.83162 ]
						},
						{
							"time": 0.1667,
							"vertices": [ -15.875, -4.30601, -16.0094, 0.57863, -16.0094, 0.57863, -16.77896, 5.25746, -4.97166, 4.83065, 2.03867, -0.07364, 2.03867, -0.07364, -4.0677, -4.73281 ]
						},
						{
							"time": 0.5,
							"vertices": [ -0.5309, 11.28267, 0, 0, 0, 0, -1.14072, -5.59042, 11.34123, -6.04146, 16.18141, -1.83459, 16.18141, -1.83459, 11.95105, 10.83162 ]
						},
						{
							"time": 0.6667,
							"vertices": [ -15.875, -4.30601, -16.0094, 0.57863, -16.0094, 0.57863, -16.77896, 5.25746, -4.97166, 4.83065, 2.03867, -0.07364, 2.03867, -0.07364, -4.0677, -4.73281 ]
						},
						{
							"time": 1,
							"vertices": [ -0.5309, 11.28267, 0, 0, 0, 0, -1.14072, -5.59042, 11.34123, -6.04146, 16.18141, -1.83459, 16.18141, -1.83459, 11.95105, 10.83162 ]
						}
					]
				},
				"groin": {
					"groin": [
						{
							"time": 0,
							"offset": 2,
							"vertices": [ 2.97946, 10.54301, 2.97946, 10.54301 ]
						},
						{
							"time": 0.5,
							"offset": 2,
							"vertices": [ -1.9865, -7.0287, 0.72214, 2.55589, 4.42404, 15.65485, 7.49376, 26.51738, 9.66064, 34.18497, 4.51408, 15.97433, 0, 0, 3.25031, 11.50151, 0, 0, 0.99312, 3.51435 ]
						},
						{
							"time": 1,
							"offset": 2,
							"vertices": [ 2.97946, 10.54301, 2.97946, 10.54301 ]
						}
					]
				},
				"head": {
					"head": [
						{
							"time": 0,
							"offset": 20,
							"vertices": [ -13.54641, 6.81232, 14.7663, 3.44501, 14.79451, 3.32092, -8.43428, -3.19116, -8.46068, -3.12091, 7.7986, -4.52856 ]
						},
						{
							"time": 0.1667,
							"offset": 20,
							"vertices": [ -1.52773, 6.4563, 3.52051, -0.80975, 3.51344, -0.84015, 0.93721, 0.35504, 0.94018, 0.34656, -0.86644, 0.50275 ]
						},
						{
							"time": 0.5,
							"offset": 20,
							"vertices": [ -13.54641, 6.81232, 14.7663, 3.44501, 14.79451, 3.32092, -8.43428, -3.19116, -8.46068, -3.12091, 7.7986, -4.52856 ]
						},
						{
							"time": 0.6667,
							"offset": 20,
							"vertices": [ -1.52773, 6.4563, 3.52051, -0.80975, 3.51344, -0.84015, 0.93721, 0.35504, 0.94018, 0.34656, -0.86644, 0.50275 ]
						},
						{
							"time": 1,
							"offset": 20,
							"vertices": [ -13.54641, 6.81232, 14.7663, 3.44501, 14.79451, 3.32092, -8.43428, -3.19116, -8.46068, -3.12091, 7.7986, -4.52856 ]
						}
					]
				},
				"leg L": {
					"leg L": [
						{
							"time": 0,
							"offset": 8,
							"vertices": [ 13.24109, 0.69846, 13.09415, 2.08826, 13.24109, 0.69846, 13.09415, 2.08826, 13.24109, 0.69846, 13.24109, 0.69846 ]
						},
						{
							"time": 0.1667,
							"vertices": [ 7.84436, -4.46423, 6.62634, -6.12833, 7.84436, -4.46423, 6.62634, -6.12833, 7.84436, -4.46423, 6.62634, -6.12833, 0, 0, 0, 0, 0, 0, 0, 0, 4.08753, 17.98436, 8.06355, 16.5871, 4.08753, 17.98436, 8.06355, 16.5871, 4.08753, 17.98436, 8.06355, 16.5871, 6.00085, 23.58217, 6.30096, -0.77834, 6.313, 0.67223, 6.30096, -0.77834, 6.313, 0.67223, 6.30096, -0.77834, 6.313, 0.67223, 6.30096, -0.77834, 6.30096, -0.77834 ]
						},
						{
							"time": 0.5,
							"vertices": [ 4.70662, -2.67854, 3.97581, -3.677, 4.70662, -2.67854, 3.97581, -3.677, 10.00305, -2.39915, 9.21346, -2.84169, 5.29644, 0.27938, 5.23766, 0.8353, 5.29644, 0.27938, 5.29644, 0.27938, -20.7308, 7.49392, -18.21875, 14.04379, -46.14968, 8.69626, -41.99799, 23.10695, -46.14968, 8.69626, -41.99799, 23.10695, -43.23561, 27.304, 3.78058, -0.46701, 3.7878, 0.40334, 3.78058, -0.46701, 3.7878, 0.40334, 3.78058, -0.46701, 3.7878, 0.40334, 3.78058, -0.46701, 3.78058, -0.46701 ]
						},
						{
							"time": 1,
							"offset": 8,
							"vertices": [ 13.24109, 0.69846, 13.09415, 2.08826, 13.24109, 0.69846, 13.09415, 2.08826, 13.24109, 0.69846, 13.24109, 0.69846 ]
						}
					]
				},
				"leg R": {
					"leg R": [
						{ "time": 0 },
						{
							"time": 0.1667,
							"vertices": [ 0.38828, 0.11784, 0.33418, -0.23006, 0.32069, 0.00938, 0.20728, -0.24484, 0.19331, -0.19234, -0.02985, -0.27104, -0.05284, -0.35834, -0.3131, -0.18211, -0.23431, -0.35024, -0.41991, -0.03518, -0.29978, -0.22221, -0.36066, 0.09583, -0.29769, 0.06657, -0.13354, 0.27426, -0.12685, 0.2981, 0.15396, 0.28506, 0.1443, 0.34898, 0.36276, 0.10479, 0.23399, 0.25851, 0.34798, -0.02174, 0.27456, 0.179, 0.31114, -0.10299, -0.00456, -0.09515, 0.03186, 0.11269, 0.07524, 0.27273, 0.2601, 0.11126 ]
						},
						{
							"time": 0.5,
							"vertices": [ -55.063, -1.36215, -54.99701, -4.16376, -55.13058, -1.47061, -55.12392, -4.17854, -20.96687, -0.75703, -21.14426, -1.77213, -0.05284, -0.35834, -0.3131, -0.18211, -0.23431, -0.35024, -0.41991, -0.03518, -0.29978, -0.22221, -0.36066, 0.09583, -0.29769, 0.06657, -0.13354, 0.27426, -0.12685, 0.2981, 0.15396, 0.28506, 0.1443, 0.34898, 0.36276, 0.10479, 0.23399, 0.25851, 0.34798, -0.02174, -20.88563, -0.38569, -20.80327, -1.60408, -21.11897, -1.59624, 0.03186, 0.11269, 0.07524, 0.27273, 0.2601, 0.11126 ]
						},
						{
							"time": 0.6667,
							"vertices": [ -40.8192, -19.066, -47.38109, -25.57199, -41.47932, -11.69586, -45.60353, -18.33048, -7.31561, -10.98227, -11.62387, -15.92406, 13.64162, 0.00732, 12.73735, -4.34867, 13.52108, 14.96719, 17.61421, 9.89523, 13.45561, 15.09521, 17.67346, 10.02623, -0.23676, 15.01834, 4.85013, 14.37123, -0.06591, 15.24987, 5.13763, 14.38203, 0.1443, 0.34898, 0.36276, 0.10479, 0.82652, -7.2201, -1.55649, -7.27804, -19.86837, -35.98048, -31.56996, -35.5467, -8.06853, -5.7628, 0.03186, 0.11269, 0.07524, 0.27273, 0.2601, 0.11126 ]
						},
						{ "time": 1 }
					]
				}
			}
		}
	}
}
}